,fixed acidity,volatile acidity,citric acid,residual sugar,chlorides,free sulfur dioxide,total sulfur dioxide,density,pH,sulphates,alcohol,quality,wine_type
0,7.0,0.27,0.36,20.7,0.045,45.0,170.0,1.001,3.0,0.45,8.8,6,1
1,6.3,0.3,0.34,1.6,0.049,14.0,132.0,0.994,3.3,0.49,9.5,6,1
2,8.1,0.28,0.4,6.9,0.05,30.0,97.0,0.9951,3.26,0.44,10.1,6,1
3,7.2,0.23,0.32,8.5,0.058,47.0,186.0,0.9956,3.19,0.4,9.9,6,1
4,6.2,0.32,0.16,7.0,0.045,30.0,136.0,0.9949,3.18,0.47,9.6,6,1
5,8.1,0.22,0.43,1.5,0.044,28.0,129.0,0.9938,3.22,0.45,11.0,6,1
6,8.1,0.27,0.41,1.45,0.033,11.0,63.0,0.9908,2.99,0.56,12.0,5,1
7,8.6,0.23,0.4,4.2,0.035,17.0,109.0,0.9947,3.14,0.53,9.7,5,1
8,7.9,0.18,0.37,1.2,0.04,16.0,75.0,0.992,3.18,0.63,10.8,5,1
9,6.6,0.16,0.4,1.5,0.044,48.0,143.0,0.9912,3.54,0.52,12.4,7,1
10,8.3,0.42,0.62,19.25,0.04,41.0,172.0,1.0002,2.98,0.67,9.7,5,1
11,6.6,0.17,0.38,1.5,0.032,28.0,112.0,0.9914,3.25,0.55,11.4,7,1
12,6.3,0.48,0.04,1.1,0.046,30.0,99.0,0.9928,3.24,0.36,9.6,6,1
13,6.2,0.66,0.48,1.2,0.029,29.0,75.0,0.9892,3.33,0.39,12.8,8,1
14,7.4,0.34,0.42,1.1,0.033,17.0,171.0,0.9917,3.12,0.53,11.3,6,1
15,6.5,0.31,0.14,7.5,0.044,34.0,133.0,0.9955,3.22,0.5,9.5,5,1
16,6.4,0.31,0.38,2.9,0.038,19.0,102.0,0.9912,3.17,0.35,11.0,7,1
17,6.8,0.26,0.42,1.7,0.049,41.0,122.0,0.993,3.47,0.48,10.5,8,1
18,7.6,0.67,0.14,1.5,0.074,25.0,168.0,0.9937,3.05,0.51,9.3,5,1
19,6.6,0.27,0.41,1.3,0.052,16.0,142.0,0.9951,3.42,0.47,10.0,6,1
20,7.0,0.25,0.32,9.0,0.046,56.0,245.0,0.9955,3.25,0.5,10.4,6,1
21,6.9,0.24,0.35,1.0,0.052,35.0,146.0,0.993,3.45,0.44,10.0,6,1
22,7.0,0.28,0.39,8.7,0.051,32.0,141.0,0.9961,3.38,0.53,10.5,6,1
23,7.4,0.27,0.48,1.1,0.047,17.0,132.0,0.9914,3.19,0.49,11.6,6,1
24,7.2,0.32,0.36,2.0,0.033,37.0,114.0,0.9906,3.1,0.71,12.3,7,1
25,8.5,0.24,0.39,10.4,0.044,20.0,142.0,0.9974,3.2,0.53,10.0,6,1
26,8.3,0.14,0.34,1.1,0.042,7.0,47.0,0.9934,3.47,0.4,10.2,6,1
27,7.4,0.25,0.36,2.05,0.05,31.0,100.0,0.992,3.19,0.44,10.8,6,1
28,6.2,0.12,0.34,1.5,0.045,43.0,117.0,0.9939,3.42,0.51,9.0,6,1
29,5.8,0.27,0.2,14.95,0.044,22.0,179.0,0.9962,3.37,0.37,10.2,5,1
30,7.3,0.28,0.43,1.7,0.08,21.0,123.0,0.9905,3.19,0.42,12.8,5,1
31,6.5,0.39,0.23,5.4,0.051,25.0,149.0,0.9934,3.24,0.35,10.0,5,1
32,7.0,0.33,0.32,1.2,0.053,38.0,138.0,0.9906,3.13,0.28,11.2,6,1
33,7.3,0.24,0.39,17.95,0.057,45.0,149.0,0.9999,3.21,0.36,8.6,5,1
34,6.7,0.23,0.39,2.5,0.172,63.0,158.0,0.9937,3.11,0.36,9.4,6,1
35,6.7,0.24,0.39,2.9,0.173,63.0,157.0,0.9937,3.1,0.34,9.4,6,1
36,7.0,0.31,0.26,7.4,0.069,28.0,160.0,0.9954,3.13,0.46,9.8,6,1
37,6.6,0.24,0.27,1.4,0.057,33.0,152.0,0.9934,3.22,0.56,9.5,6,1
38,6.7,0.23,0.26,1.4,0.06,33.0,154.0,0.9934,3.24,0.56,9.5,6,1
39,7.4,0.18,0.31,1.4,0.058,38.0,167.0,0.9931,3.16,0.53,10.0,7,1
40,6.2,0.45,0.26,4.4,0.063,63.0,206.0,0.994,3.27,0.52,9.8,4,1
41,6.2,0.46,0.25,4.4,0.066,62.0,207.0,0.9939,3.25,0.52,9.8,5,1
42,6.9,0.19,0.35,5.0,0.067,32.0,150.0,0.995,3.36,0.48,9.8,5,1
43,7.2,0.19,0.31,1.6,0.062,31.0,173.0,0.9917,3.35,0.44,11.7,6,1
44,6.6,0.25,0.29,1.1,0.068,39.0,124.0,0.9914,3.34,0.58,11.0,7,1
45,6.2,0.16,0.33,1.1,0.057,21.0,82.0,0.991,3.32,0.46,10.9,7,1
46,6.4,0.18,0.35,1.0,0.045,39.0,108.0,0.9911,3.31,0.35,10.9,6,1
47,6.8,0.2,0.59,0.9,0.147,38.0,132.0,0.993,3.05,0.38,9.1,6,1
48,6.9,0.25,0.35,1.3,0.039,29.0,191.0,0.9908,3.13,0.52,11.0,6,1
49,7.2,0.21,0.34,11.9,0.043,37.0,213.0,0.9962,3.09,0.5,9.6,6,1
50,6.0,0.19,0.26,12.4,0.048,50.0,147.0,0.9972,3.3,0.36,8.9,6,1
51,6.6,0.38,0.15,4.6,0.044,25.0,78.0,0.9931,3.11,0.38,10.2,6,1
52,7.4,0.2,0.36,1.2,0.038,44.0,111.0,0.9926,3.36,0.34,9.9,6,1
53,6.8,0.22,0.24,4.9,0.092,30.0,123.0,0.9951,3.03,0.46,8.6,6,1
54,7.0,0.47,0.07,1.1,0.035,17.0,151.0,0.991,3.02,0.34,10.5,5,1
55,7.2,0.24,0.27,1.4,0.038,31.0,122.0,0.9927,3.15,0.46,10.3,6,1
56,6.2,0.35,0.03,1.2,0.064,29.0,120.0,0.9934,3.22,0.54,9.1,5,1
57,6.4,0.26,0.24,6.4,0.04,27.0,124.0,0.9903,3.22,0.49,12.6,7,1
58,6.7,0.25,0.13,1.2,0.041,81.0,174.0,0.992,3.14,0.42,9.8,5,1
59,6.7,0.23,0.31,2.1,0.046,30.0,96.0,0.9926,3.33,0.64,10.7,8,1
60,7.4,0.24,0.29,10.1,0.05,21.0,105.0,0.9962,3.13,0.35,9.5,5,1
61,6.2,0.27,0.43,7.8,0.056,48.0,244.0,0.9956,3.1,0.51,9.0,6,1
62,6.8,0.3,0.23,4.6,0.061,50.5,238.5,0.9958,3.32,0.6,9.5,5,1
63,6.0,0.27,0.28,4.8,0.063,31.0,201.0,0.9964,3.69,0.71,10.0,5,1
64,8.6,0.23,0.46,1.0,0.054,9.0,72.0,0.9941,2.95,0.49,9.1,6,1
65,7.1,0.18,0.36,1.4,0.043,31.0,87.0,0.9898,3.26,0.37,12.7,7,1
66,7.0,0.32,0.34,1.3,0.042,20.0,69.0,0.9912,3.31,0.65,12.0,7,1
67,7.4,0.18,0.3,8.8,0.064,26.0,103.0,0.9961,2.94,0.56,9.3,5,1
68,6.7,0.54,0.28,5.4,0.06,21.0,105.0,0.9949,3.27,0.37,9.0,5,1
69,6.8,0.22,0.31,1.4,0.053,34.0,114.0,0.9929,3.39,0.77,10.6,6,1
70,7.1,0.2,0.34,16.0,0.05,51.0,166.0,0.9985,3.21,0.6,9.2,6,1
71,7.1,0.34,0.2,6.1,0.063,47.0,164.0,0.9946,3.17,0.42,10.0,5,1
72,7.3,0.22,0.3,8.2,0.047,42.0,207.0,0.9966,3.33,0.46,9.5,6,1
73,7.1,0.43,0.61,11.8,0.045,54.0,155.0,0.9974,3.11,0.45,8.7,5,1
74,7.1,0.44,0.62,11.8,0.044,52.0,152.0,0.9975,3.12,0.46,8.7,6,1
75,7.2,0.39,0.63,11.0,0.044,55.0,156.0,0.9974,3.09,0.44,8.7,6,1
76,6.8,0.25,0.31,13.3,0.05,69.0,202.0,0.9972,3.22,0.48,9.7,6,1
77,6.1,0.27,0.43,7.5,0.049,65.0,243.0,0.9957,3.12,0.47,9.0,5,1
78,6.9,0.24,0.33,1.7,0.035,47.0,136.0,0.99,3.26,0.4,12.6,7,1
79,6.9,0.21,0.33,1.8,0.034,48.0,136.0,0.9899,3.25,0.41,12.6,7,1
80,7.5,0.17,0.32,1.7,0.04,51.0,148.0,0.9916,3.21,0.44,11.5,7,1
81,7.1,0.26,0.29,12.4,0.044,62.0,240.0,0.9969,3.04,0.42,9.2,6,1
82,6.0,0.34,0.66,15.9,0.046,26.0,164.0,0.9979,3.14,0.5,8.8,6,1
83,8.6,0.265,0.36,1.2,0.034,15.0,80.0,0.9913,2.95,0.36,11.4,7,1
84,9.8,0.36,0.46,10.5,0.038,4.0,83.0,0.9956,2.89,0.3,10.1,4,1
85,7.4,0.25,0.37,13.5,0.06,52.0,192.0,0.9975,3.0,0.44,9.1,5,1
86,7.1,0.12,0.32,9.6,0.054,64.0,162.0,0.9962,3.4,0.41,9.4,5,1
87,6.0,0.21,0.24,12.1,0.05,55.0,164.0,0.997,3.34,0.39,9.4,5,1
88,7.5,0.305,0.4,18.9,0.059,44.0,170.0,1.0,2.99,0.46,9.0,5,1
89,7.3,0.13,0.32,14.4,0.051,34.0,109.0,0.9974,3.2,0.35,9.2,6,1
90,7.1,0.23,0.35,16.5,0.04,60.0,171.0,0.999,3.16,0.59,9.1,6,1
91,6.9,0.33,0.28,1.3,0.051,37.0,187.0,0.9927,3.27,0.6,10.3,5,1
92,6.5,0.17,0.54,8.5,0.082,64.0,163.0,0.9959,2.89,0.39,8.8,6,1
93,7.2,0.27,0.46,18.75,0.052,45.0,255.0,1.0,3.04,0.52,8.9,5,1
94,7.2,0.31,0.5,13.3,0.056,68.0,195.0,0.9982,3.01,0.47,9.2,5,1
95,6.7,0.41,0.34,9.2,0.049,29.0,150.0,0.9968,3.22,0.51,9.1,5,1
96,5.5,0.485,0.0,1.5,0.065,8.0,103.0,0.994,3.63,0.4,9.7,4,1
97,6.0,0.31,0.24,3.3,0.041,25.0,143.0,0.9914,3.31,0.44,11.3,6,1
98,7.0,0.14,0.4,1.7,0.035,16.0,85.0,0.9911,3.19,0.42,11.8,6,1
99,7.3,0.32,0.48,13.3,0.06,57.0,196.0,0.9982,3.04,0.5,9.2,5,1
100,5.9,0.36,0.04,5.7,0.046,21.0,87.0,0.9934,3.22,0.51,10.2,5,1
101,7.8,0.24,0.32,12.2,0.054,42.0,138.0,0.9984,3.01,0.54,8.8,5,1
102,7.4,0.16,0.31,6.85,0.059,31.0,131.0,0.9952,3.29,0.34,9.7,5,1
103,6.9,0.19,0.28,5.0,0.058,14.0,146.0,0.9952,3.29,0.36,9.1,6,1
104,6.4,0.13,0.47,1.6,0.092,40.0,158.0,0.9928,3.21,0.36,9.8,6,1
105,6.7,0.19,0.36,1.1,0.026,63.0,143.0,0.9912,3.27,0.48,11.0,6,1
106,7.4,0.39,0.23,7.0,0.033,29.0,126.0,0.994,3.14,0.42,10.5,5,1
107,6.5,0.24,0.32,7.6,0.038,48.0,203.0,0.9958,3.45,0.54,9.7,7,1
108,6.1,0.3,0.56,2.8,0.044,47.0,179.0,0.9924,3.3,0.57,10.9,7,1
109,6.1,0.3,0.56,2.7,0.046,46.0,184.0,0.9924,3.31,0.57,10.9,6,1
110,5.7,0.26,0.25,10.4,0.02,7.0,57.0,0.994,3.39,0.37,10.6,5,1
111,6.5,0.425,0.4,13.1,0.038,59.0,241.0,0.9979,3.23,0.57,9.0,5,1
112,6.6,0.24,0.27,15.8,0.035,46.0,188.0,0.9982,3.24,0.51,9.2,5,1
113,6.8,0.27,0.22,8.1,0.034,55.0,203.0,0.9961,3.19,0.52,8.9,5,1
114,6.7,0.27,0.31,15.7,0.036,44.0,179.0,0.9979,3.26,0.56,9.6,5,1
115,8.2,0.23,0.4,1.2,0.027,36.0,121.0,0.992,3.12,0.38,10.7,6,1
116,7.1,0.37,0.67,10.5,0.045,49.0,155.0,0.9975,3.16,0.44,8.7,5,1
117,6.8,0.19,0.36,1.9,0.035,30.0,96.0,0.9917,3.15,0.54,10.8,7,1
118,8.1,0.28,0.39,1.9,0.029,18.0,79.0,0.9923,3.23,0.52,11.8,6,1
119,6.3,0.31,0.34,2.2,0.045,20.0,77.0,0.9927,3.3,0.43,10.2,5,1
120,7.9,0.21,0.4,1.2,0.039,38.0,107.0,0.992,3.21,0.54,10.8,6,1
121,8.5,0.21,0.41,4.3,0.036,24.0,99.0,0.9947,3.18,0.53,9.7,6,1
122,8.1,0.2,0.4,2.0,0.037,19.0,87.0,0.9921,3.12,0.54,11.2,6,1
123,6.3,0.255,0.37,1.1,0.04,37.0,114.0,0.9905,3.0,0.39,10.9,6,1
124,5.6,0.16,0.27,1.4,0.044,53.0,168.0,0.9918,3.28,0.37,10.1,6,1
125,6.4,0.595,0.14,5.2,0.058,15.0,97.0,0.9951,3.38,0.36,9.0,4,1
126,6.3,0.34,0.33,4.6,0.034,19.0,80.0,0.9917,3.38,0.58,12.0,7,1
127,6.9,0.25,0.3,4.1,0.054,23.0,116.0,0.994,2.99,0.38,9.4,6,1
128,7.9,0.22,0.38,8.0,0.043,46.0,152.0,0.9934,3.12,0.32,11.5,7,1
129,7.6,0.18,0.46,10.2,0.055,58.0,135.0,0.9968,3.14,0.43,9.9,6,1
130,7.2,0.18,0.41,1.2,0.048,41.0,97.0,0.9919,3.14,0.45,10.4,5,1
131,8.2,0.23,0.4,7.5,0.049,12.0,76.0,0.9966,3.06,0.84,9.7,6,1
132,7.4,0.24,0.42,14.0,0.066,48.0,198.0,0.9979,2.89,0.42,8.9,6,1
133,6.1,0.32,0.24,1.5,0.036,38.0,124.0,0.9898,3.29,0.42,12.4,7,1
134,5.2,0.44,0.04,1.4,0.036,43.0,119.0,0.9894,3.36,0.33,12.1,8,1
135,6.4,0.22,0.56,14.5,0.055,27.0,159.0,0.998,2.98,0.4,9.1,5,1
136,6.3,0.36,0.3,4.8,0.049,14.0,85.0,0.9932,3.28,0.39,10.6,5,1
137,6.7,0.24,0.35,13.1,0.05,64.0,205.0,0.997,3.15,0.5,9.5,5,1
138,7.0,0.23,0.36,13.0,0.051,72.0,177.0,0.9972,3.16,0.49,9.8,5,1
139,8.4,0.27,0.46,8.7,0.048,39.0,197.0,0.9974,3.14,0.59,9.6,6,1
140,6.7,0.46,0.18,2.4,0.034,25.0,98.0,0.9896,3.08,0.44,12.6,7,1
141,7.5,0.29,0.31,8.95,0.055,20.0,151.0,0.9968,3.08,0.54,9.3,5,1
142,9.8,0.42,0.48,9.85,0.034,5.0,110.0,0.9958,2.87,0.29,10.0,5,1
143,7.1,0.3,0.46,1.5,0.066,29.0,133.0,0.9906,3.12,0.54,12.7,6,1
144,7.9,0.19,0.45,1.5,0.045,17.0,96.0,0.9917,3.13,0.39,11.0,6,1
145,7.6,0.48,0.37,0.8,0.037,4.0,100.0,0.9902,3.03,0.39,11.4,4,1
146,6.3,0.22,0.43,4.55,0.038,31.0,130.0,0.9918,3.35,0.33,11.5,7,1
147,7.5,0.27,0.31,17.7,0.051,33.0,173.0,0.999,3.09,0.64,10.2,5,1
148,6.9,0.23,0.4,7.5,0.04,50.0,151.0,0.9927,3.11,0.27,11.4,6,1
149,7.2,0.32,0.47,5.1,0.044,19.0,65.0,0.991,3.03,0.41,12.6,4,1
150,5.9,0.23,0.3,12.9,0.054,57.0,170.0,0.9972,3.28,0.39,9.4,5,1
151,6.0,0.67,0.07,1.2,0.06,9.0,108.0,0.9931,3.11,0.35,8.7,4,1
152,6.4,0.25,0.32,5.5,0.049,41.0,176.0,0.995,3.19,0.68,9.2,6,1
153,6.4,0.33,0.31,5.5,0.048,42.0,173.0,0.9951,3.19,0.66,9.3,6,1
154,7.1,0.34,0.15,1.2,0.053,61.0,183.0,0.9936,3.09,0.43,9.2,5,1
155,6.8,0.28,0.4,22.0,0.048,48.0,167.0,1.001,2.93,0.5,8.7,5,1
156,6.9,0.27,0.4,14.0,0.05,64.0,227.0,0.9979,3.18,0.58,9.6,6,1
157,6.8,0.26,0.56,11.9,0.043,64.0,226.0,0.997,3.02,0.63,9.3,5,1
158,6.8,0.29,0.56,11.9,0.043,66.0,230.0,0.9972,3.02,0.63,9.3,5,1
159,6.7,0.24,0.41,9.4,0.04,49.0,166.0,0.9954,3.12,0.61,9.9,6,1
160,5.9,0.3,0.23,4.2,0.038,42.0,119.0,0.9924,3.15,0.5,11.0,5,1
161,6.8,0.53,0.35,3.8,0.034,26.0,109.0,0.9906,3.26,0.57,12.7,8,1
162,6.5,0.28,0.28,8.5,0.047,54.0,210.0,0.9962,3.09,0.54,8.9,4,1
163,6.6,0.28,0.28,8.5,0.052,55.0,211.0,0.9962,3.09,0.55,8.9,6,1
164,6.8,0.28,0.36,8.0,0.045,28.0,123.0,0.9928,3.02,0.37,11.4,6,1
165,6.6,0.15,0.34,5.1,0.055,34.0,125.0,0.9942,3.36,0.42,9.6,5,1
166,6.4,0.29,0.44,3.6,0.2,75.0,181.0,0.9942,3.02,0.41,9.1,5,1
167,6.4,0.3,0.45,3.5,0.197,76.0,180.0,0.9942,3.02,0.39,9.1,6,1
168,6.4,0.29,0.44,3.6,0.197,75.0,183.0,0.9942,3.01,0.38,9.1,5,1
169,6.8,0.26,0.24,7.8,0.052,54.0,214.0,0.9961,3.13,0.47,8.9,5,1
170,7.1,0.32,0.24,13.1,0.05,52.0,204.0,0.998,3.1,0.49,8.8,5,1
171,6.8,0.27,0.26,16.1,0.049,55.0,196.0,0.9984,3.15,0.5,9.3,5,1
172,6.9,0.54,0.32,13.2,0.05,53.0,236.0,0.9973,3.2,0.5,9.6,5,1
173,6.8,0.26,0.34,13.9,0.034,39.0,134.0,0.9949,3.33,0.53,12.0,6,1
174,5.8,0.28,0.35,2.3,0.053,36.0,114.0,0.9924,3.28,0.5,10.2,4,1
175,6.4,0.21,0.5,11.6,0.042,45.0,153.0,0.9972,3.15,0.43,8.8,5,1
176,7.0,0.16,0.32,8.3,0.045,38.0,126.0,0.9958,3.21,0.34,9.2,5,1
177,10.2,0.44,0.88,6.2,0.049,20.0,124.0,0.9968,2.99,0.51,9.9,4,1
178,6.8,0.57,0.29,2.2,0.04,15.0,77.0,0.9938,3.32,0.74,10.2,5,1
179,6.1,0.4,0.31,0.9,0.048,23.0,170.0,0.993,3.22,0.77,9.5,6,1
180,5.6,0.245,0.25,9.7,0.032,12.0,68.0,0.994,3.31,0.34,10.5,5,1
181,6.8,0.18,0.38,1.4,0.038,35.0,111.0,0.9918,3.32,0.59,11.2,7,1
182,6.7,0.13,0.29,5.3,0.051,31.0,122.0,0.9944,3.44,0.37,9.7,6,1
183,6.2,0.25,0.25,1.4,0.03,35.0,105.0,0.9912,3.3,0.44,11.1,7,1
184,5.8,0.26,0.24,9.2,0.044,55.0,152.0,0.9961,3.31,0.38,9.4,5,1
185,7.5,0.27,0.36,7.0,0.036,45.0,164.0,0.9939,3.03,0.33,11.0,5,1
186,5.7,0.28,0.24,17.5,0.044,60.0,167.0,0.9989,3.31,0.44,9.4,5,1
187,7.5,0.23,0.36,7.0,0.036,43.0,161.0,0.9938,3.04,0.32,11.0,5,1
188,7.2,0.685,0.21,9.5,0.07,33.0,172.0,0.9971,3.0,0.55,9.1,6,1
189,6.5,0.19,0.3,0.8,0.043,33.0,144.0,0.9936,3.42,0.39,9.1,6,1
190,6.3,0.495,0.22,1.8,0.046,31.0,140.0,0.9929,3.39,0.54,10.4,6,1
191,7.1,0.24,0.41,17.8,0.046,39.0,145.0,0.9998,3.32,0.39,8.7,5,1
192,6.4,0.17,0.32,2.4,0.048,41.0,200.0,0.9938,3.5,0.5,9.7,6,1
193,7.1,0.25,0.32,10.3,0.041,66.0,272.0,0.9969,3.17,0.52,9.1,6,1
194,6.8,0.64,0.08,9.7,0.062,26.0,142.0,0.9972,3.37,0.46,8.9,4,1
195,8.3,0.28,0.4,7.8,0.041,38.0,194.0,0.9976,3.34,0.51,9.6,6,1
196,8.2,0.27,0.39,7.8,0.039,49.0,208.0,0.9976,3.31,0.51,9.5,6,1
197,7.2,0.23,0.38,14.3,0.058,55.0,194.0,0.9979,3.09,0.44,9.0,6,1
198,6.8,0.52,0.32,13.2,0.044,54.0,221.0,0.9972,3.27,0.5,9.6,6,1
199,7.0,0.26,0.59,1.4,0.037,40.0,120.0,0.9918,3.34,0.41,11.1,7,1
200,6.2,0.25,0.21,15.55,0.039,28.0,159.0,0.9982,3.48,0.64,9.6,6,1
201,7.3,0.32,0.23,13.7,0.05,49.0,197.0,0.9985,3.2,0.46,8.7,5,1
202,7.7,0.31,0.26,7.8,0.031,23.0,90.0,0.9944,3.13,0.5,10.4,5,1
203,7.1,0.21,0.37,2.4,0.026,23.0,100.0,0.9903,3.15,0.38,11.4,7,1
204,6.8,0.24,0.34,2.7,0.047,64.5,218.5,0.9934,3.3,0.58,9.7,6,1
205,6.9,0.4,0.56,11.2,0.043,40.0,142.0,0.9975,3.14,0.46,8.7,5,1
206,6.1,0.18,0.36,2.0,0.038,20.0,249.5,0.9923,3.37,0.79,11.3,6,1
207,6.8,0.21,0.27,2.1,0.03,26.0,139.0,0.99,3.16,0.61,12.6,7,1
208,5.8,0.2,0.27,1.4,0.031,12.0,77.0,0.9905,3.25,0.36,10.9,7,1
209,5.6,0.19,0.26,1.4,0.03,12.0,76.0,0.9905,3.25,0.37,10.9,7,1
210,6.1,0.41,0.14,10.4,0.037,18.0,119.0,0.996,3.38,0.45,10.0,5,1
211,5.9,0.21,0.28,4.6,0.053,40.0,199.0,0.9964,3.72,0.7,10.0,4,1
212,8.5,0.26,0.21,16.2,0.074,41.0,197.0,0.998,3.02,0.5,9.8,3,1
213,5.8,0.24,0.44,3.5,0.029,5.0,109.0,0.9913,3.53,0.43,11.7,3,1
214,5.8,0.24,0.39,1.5,0.054,37.0,158.0,0.9932,3.21,0.52,9.3,6,1
215,6.7,0.26,0.39,1.1,0.04,45.0,147.0,0.9935,3.32,0.58,9.6,8,1
216,6.3,0.35,0.3,5.7,0.035,8.0,97.0,0.9927,3.27,0.41,11.0,7,1
217,6.4,0.23,0.39,1.8,0.032,23.0,118.0,0.9912,3.32,0.5,11.8,6,1
218,5.8,0.36,0.38,0.9,0.037,3.0,75.0,0.9904,3.28,0.34,11.4,4,1
219,6.9,0.115,0.35,5.4,0.048,36.0,108.0,0.9939,3.32,0.42,10.2,6,1
220,6.9,0.29,0.4,19.45,0.043,36.0,156.0,0.9996,2.93,0.47,8.9,5,1
221,6.9,0.28,0.4,8.2,0.036,15.0,95.0,0.9944,3.17,0.33,10.2,5,1
222,7.2,0.29,0.4,13.6,0.045,66.0,231.0,0.9977,3.08,0.59,9.6,6,1
223,6.2,0.24,0.35,1.2,0.038,22.0,167.0,0.9912,3.1,0.48,10.6,6,1
224,6.9,0.32,0.26,8.3,0.053,32.0,180.0,0.9965,3.25,0.51,9.2,6,1
225,5.3,0.58,0.07,6.9,0.043,34.0,149.0,0.9944,3.34,0.57,9.7,5,1
226,5.3,0.585,0.07,7.1,0.044,34.0,145.0,0.9945,3.34,0.57,9.7,6,1
227,5.4,0.59,0.07,7.0,0.045,36.0,147.0,0.9944,3.34,0.57,9.7,6,1
228,5.2,0.6,0.07,7.0,0.044,33.0,147.0,0.9944,3.33,0.58,9.7,5,1
229,5.8,0.25,0.26,13.1,0.051,44.0,148.0,0.9972,3.29,0.38,9.3,5,1
230,6.6,0.58,0.3,5.1,0.057,30.0,123.0,0.9949,3.24,0.38,9.0,5,1
231,7.0,0.29,0.54,10.7,0.046,59.0,234.0,0.9966,3.05,0.61,9.5,5,1
232,6.6,0.19,0.41,8.9,0.046,51.0,169.0,0.9954,3.14,0.57,9.8,6,1
233,6.7,0.2,0.41,9.1,0.044,50.0,166.0,0.9954,3.14,0.58,9.8,6,1
234,7.7,0.26,0.4,1.1,0.042,9.0,60.0,0.9915,2.89,0.5,10.6,5,1
235,6.8,0.32,0.34,1.2,0.044,14.0,67.0,0.9919,3.05,0.47,10.6,4,1
236,7.0,0.3,0.49,4.7,0.036,17.0,105.0,0.9916,3.26,0.68,12.4,7,1
237,7.0,0.24,0.36,2.8,0.034,22.0,112.0,0.99,3.19,0.38,12.6,8,1
238,6.1,0.31,0.58,5.0,0.039,36.0,114.0,0.9909,3.3,0.6,12.3,8,1
239,6.8,0.44,0.37,5.1,0.047,46.0,201.0,0.9938,3.08,0.65,10.5,4,1
240,6.7,0.34,0.3,15.6,0.054,51.0,196.0,0.9982,3.19,0.49,9.3,5,1
241,7.1,0.35,0.24,15.4,0.055,46.0,198.0,0.9988,3.12,0.49,8.8,5,1
242,7.3,0.32,0.25,7.2,0.056,47.0,180.0,0.9961,3.08,0.47,8.8,5,1
243,6.5,0.28,0.33,15.7,0.053,51.0,190.0,0.9978,3.22,0.51,9.7,6,1
244,7.2,0.23,0.39,14.2,0.058,49.0,192.0,0.9979,2.98,0.48,9.0,7,1
245,5.9,0.15,0.31,5.8,0.041,53.0,155.0,0.9945,3.52,0.46,10.5,6,1
246,7.4,0.28,0.42,19.8,0.066,53.0,195.0,1.0,2.96,0.44,9.1,5,1
247,6.2,0.28,0.22,7.3,0.041,26.0,157.0,0.9957,3.44,0.64,9.8,7,1
248,9.1,0.59,0.38,1.6,0.066,34.0,182.0,0.9968,3.23,0.38,8.5,3,1
249,6.3,0.33,0.27,1.2,0.046,34.0,175.0,0.9934,3.37,0.54,9.4,6,1
250,8.3,0.39,0.7,10.6,0.045,33.0,169.0,0.9976,3.09,0.57,9.4,5,1
251,7.2,0.19,0.46,3.8,0.041,82.0,187.0,0.9932,3.19,0.6,11.2,7,1
252,7.5,0.17,0.44,11.3,0.046,65.0,146.0,0.997,3.17,0.45,10.0,6,1
253,6.7,0.17,0.5,2.1,0.043,27.0,122.0,0.9923,3.15,0.45,10.3,6,1
254,6.1,0.41,0.0,1.6,0.063,36.0,87.0,0.9914,3.27,0.67,10.8,6,1
255,8.3,0.2,0.35,0.9,0.05,12.0,74.0,0.992,3.13,0.38,10.5,6,1
256,6.0,0.29,0.21,1.3,0.055,42.0,168.0,0.9914,3.32,0.43,11.1,6,1
257,7.3,0.41,0.24,6.8,0.057,41.0,163.0,0.9949,3.2,0.41,9.9,6,1
258,7.2,0.43,0.24,6.7,0.058,40.0,163.0,0.995,3.2,0.41,9.9,5,1
259,7.3,0.4,0.24,6.7,0.058,41.0,166.0,0.995,3.2,0.41,9.9,6,1
260,6.2,0.33,0.27,4.9,0.036,30.0,134.0,0.9927,3.2,0.42,10.4,7,1
261,6.2,0.31,0.26,4.8,0.037,36.0,148.0,0.9928,3.21,0.41,10.4,6,1
262,6.1,0.36,0.27,2.1,0.035,16.0,100.0,0.9917,3.4,0.71,11.5,7,1
263,5.0,0.55,0.14,8.3,0.032,35.0,164.0,0.9918,3.53,0.51,12.5,8,1
264,7.8,0.25,0.41,3.7,0.042,37.0,149.0,0.9954,3.36,0.45,10.0,6,1
265,5.7,0.36,0.21,6.7,0.038,51.0,166.0,0.9941,3.29,0.63,10.0,6,1
266,5.8,0.34,0.21,6.6,0.04,50.0,167.0,0.9941,3.29,0.62,10.0,5,1
267,6.8,0.28,0.6,1.1,0.132,42.0,127.0,0.9934,3.09,0.44,9.1,6,1
268,6.8,0.25,0.34,4.7,0.031,34.0,134.0,0.9927,3.21,0.38,10.6,6,1
269,6.6,0.24,0.35,7.7,0.031,36.0,135.0,0.9938,3.19,0.37,10.5,5,1
270,5.9,0.3,0.47,7.85,0.03,19.0,133.0,0.9933,3.52,0.43,11.5,7,1
271,6.1,0.125,0.25,3.3,0.04,10.0,69.0,0.9934,3.54,0.59,10.1,6,1
272,6.0,0.1,0.24,1.1,0.041,15.0,65.0,0.9927,3.61,0.61,10.3,7,1
273,6.8,0.28,0.44,9.3,0.031,35.0,137.0,0.9946,3.16,0.36,10.4,6,1
274,8.3,0.41,0.51,2.0,0.046,11.0,207.0,0.993,3.02,0.55,11.4,5,1
275,7.5,0.27,0.31,5.8,0.057,131.0,313.0,0.9946,3.18,0.59,10.5,5,1
276,7.9,0.26,0.41,15.15,0.04,38.0,216.0,0.9976,2.96,0.6,10.0,6,1
277,6.4,0.34,0.23,6.3,0.039,37.0,143.0,0.9944,3.19,0.65,10.0,6,1
278,6.5,0.28,0.35,15.4,0.042,55.0,195.0,0.9978,3.23,0.5,9.6,6,1
279,7.2,0.21,0.41,1.3,0.036,33.0,85.0,0.992,3.17,0.51,10.4,5,1
280,6.4,0.32,0.35,4.8,0.03,34.0,101.0,0.9912,3.36,0.6,12.5,8,1
281,6.8,0.24,0.34,4.6,0.032,37.0,135.0,0.9927,3.2,0.39,10.6,5,1
282,6.3,0.23,0.3,1.8,0.033,16.0,91.0,0.9906,3.28,0.4,11.8,6,1
283,6.5,0.28,0.34,9.9,0.038,30.0,133.0,0.9954,3.11,0.44,9.8,5,1
284,5.6,0.26,0.26,5.7,0.031,12.0,80.0,0.9923,3.25,0.38,10.8,5,1
285,6.3,0.23,0.33,1.5,0.036,15.0,105.0,0.991,3.32,0.42,11.2,6,1
286,5.8,0.27,0.27,12.3,0.045,55.0,170.0,0.9972,3.28,0.42,9.3,6,1
287,5.9,0.26,0.4,1.3,0.047,12.0,139.0,0.9945,3.45,0.53,10.4,5,1
288,6.6,0.18,0.35,1.5,0.049,49.0,141.0,0.9934,3.43,0.85,10.2,7,1
289,7.4,0.2,0.43,7.8,0.045,27.0,153.0,0.9964,3.19,0.55,9.0,7,1
290,8.0,0.24,0.36,1.5,0.047,17.0,129.0,0.9948,3.2,0.54,10.0,6,1
291,6.4,0.26,0.42,9.7,0.044,30.0,140.0,0.9962,3.18,0.47,9.1,6,1
292,5.4,0.31,0.47,3.0,0.053,46.0,144.0,0.9931,3.29,0.76,10.0,5,1
293,5.4,0.29,0.47,3.0,0.052,47.0,145.0,0.993,3.29,0.75,10.0,6,1
294,7.1,0.145,0.33,4.6,0.05,33.0,131.0,0.9942,3.28,0.4,9.6,6,1
295,5.6,0.34,0.1,1.3,0.031,20.0,68.0,0.9906,3.36,0.51,11.2,7,1
296,6.7,0.19,0.41,15.6,0.056,75.0,155.0,0.9995,3.2,0.44,8.8,6,1
297,7.8,0.18,0.46,13.6,0.052,38.0,118.0,0.998,3.15,0.5,10.0,6,1
298,7.6,0.17,0.45,11.2,0.054,56.0,137.0,0.997,3.15,0.47,10.0,5,1
299,6.3,0.12,0.36,2.1,0.044,47.0,146.0,0.9914,3.27,0.74,11.4,7,1
300,7.3,0.33,0.4,6.85,0.038,32.0,138.0,0.992,3.03,0.3,11.9,7,1
301,5.5,0.335,0.3,2.5,0.071,27.0,128.0,0.9924,3.14,0.51,9.6,6,1
302,5.8,0.4,0.42,4.4,0.047,38.5,245.0,0.9937,3.25,0.57,9.6,6,1
303,7.3,0.22,0.37,14.3,0.063,48.0,191.0,0.9978,2.89,0.38,9.0,6,1
304,6.1,0.36,0.33,1.1,0.05,24.0,169.0,0.9927,3.15,0.78,9.5,6,1
305,10.0,0.2,0.39,1.4,0.05,19.0,152.0,0.994,3.0,0.42,10.4,6,1
306,6.9,0.24,0.34,4.7,0.04,43.0,161.0,0.9935,3.2,0.59,10.6,6,1
307,6.4,0.24,0.32,14.9,0.047,54.0,162.0,0.9968,3.28,0.5,10.2,6,1
308,7.1,0.365,0.14,1.2,0.055,24.0,84.0,0.9941,3.15,0.43,8.9,5,1
309,6.8,0.15,0.3,5.3,0.05,40.0,127.0,0.9942,3.4,0.39,9.7,6,1
310,6.8,0.16,0.4,2.3,0.037,18.0,102.0,0.9923,3.49,0.42,11.4,7,1
311,6.0,0.26,0.32,3.5,0.028,29.0,113.0,0.9912,3.4,0.71,12.3,7,1
312,6.0,0.18,0.27,1.5,0.089,40.0,143.0,0.9923,3.49,0.62,10.8,6,1
313,6.9,0.33,0.21,1.0,0.053,39.0,148.0,0.9927,3.12,0.45,9.4,6,1
314,7.7,0.29,0.48,2.3,0.049,36.0,178.0,0.9931,3.17,0.64,10.6,6,1
315,7.1,0.39,0.35,12.5,0.044,26.0,72.0,0.9941,3.17,0.29,11.6,5,1
316,6.6,0.905,0.19,0.8,0.048,17.0,204.0,0.9934,3.34,0.56,10.0,5,1
317,7.2,0.27,0.27,2.4,0.048,30.0,149.0,0.9936,3.1,0.51,9.2,6,1
318,5.1,0.33,0.22,1.6,0.027,18.0,89.0,0.9893,3.51,0.38,12.5,7,1
319,6.4,0.31,0.28,1.5,0.037,12.0,119.0,0.9919,3.32,0.51,10.4,7,1
320,7.3,0.2,0.44,1.4,0.045,21.0,98.0,0.9924,3.15,0.46,10.0,7,1
321,5.7,0.32,0.5,2.6,0.049,17.0,155.0,0.9927,3.22,0.64,10.0,6,1
322,7.2,0.28,0.26,12.5,0.046,48.0,179.0,0.9975,3.1,0.52,9.0,6,1
323,7.5,0.35,0.28,9.6,0.051,26.0,157.0,0.9969,3.12,0.53,9.2,6,1
324,6.0,0.36,0.39,3.2,0.027,20.0,125.0,0.991,3.38,0.39,11.3,7,1
325,5.0,0.17,0.56,1.5,0.026,24.0,115.0,0.9906,3.48,0.39,10.8,7,1
326,6.3,0.39,0.35,5.9,0.04,82.5,260.0,0.9941,3.12,0.66,10.1,5,1
327,6.7,0.21,0.32,5.4,0.047,29.0,140.0,0.995,3.39,0.46,9.7,6,1
328,7.0,0.3,0.38,14.9,0.032,60.0,181.0,0.9983,3.18,0.61,9.3,7,1
329,6.5,0.36,0.32,1.1,0.031,13.0,66.0,0.9916,3.1,0.46,10.6,5,1
330,6.1,0.55,0.15,9.8,0.031,19.0,125.0,0.9957,3.36,0.47,10.2,6,1
331,7.3,0.24,0.43,2.0,0.021,20.0,69.0,0.99,3.08,0.56,12.2,6,1
332,6.8,0.37,0.51,11.8,0.044,62.0,163.0,0.9976,3.19,0.44,8.8,5,1
333,6.8,0.27,0.12,1.3,0.04,87.0,168.0,0.992,3.18,0.41,10.0,5,1
334,8.2,0.28,0.42,1.8,0.031,30.0,93.0,0.9917,3.09,0.39,11.4,5,1
335,6.3,0.2,0.4,1.5,0.037,35.0,107.0,0.9917,3.46,0.5,11.4,6,1
336,5.9,0.26,0.27,18.2,0.048,52.0,168.0,0.9993,3.35,0.44,9.4,5,1
337,6.4,0.19,0.42,2.9,0.032,32.0,83.0,0.9908,3.3,0.41,11.7,6,1
338,6.1,0.35,0.07,1.4,0.069,22.0,108.0,0.9934,3.23,0.52,9.2,5,1
339,7.1,0.27,0.31,18.2,0.046,55.0,252.0,1.0,3.07,0.56,8.7,5,1
340,6.8,0.22,0.31,6.3,0.035,33.0,170.0,0.9918,3.24,0.66,12.6,6,1
341,5.8,0.28,0.34,4.0,0.031,40.0,99.0,0.9896,3.39,0.39,12.8,7,1
342,6.9,0.49,0.24,1.2,0.049,13.0,125.0,0.9932,3.17,0.51,9.4,5,1
343,6.3,0.14,0.39,1.2,0.044,26.0,116.0,0.992,3.26,0.53,10.3,6,1
344,7.2,0.25,0.39,18.95,0.038,42.0,155.0,0.9999,2.97,0.47,9.0,6,1
345,7.3,0.28,0.36,12.7,0.04,38.0,140.0,0.998,3.3,0.79,9.6,6,1
346,7.2,0.19,0.39,1.2,0.036,32.0,85.0,0.9918,3.16,0.5,10.5,5,1
347,7.4,0.21,0.27,1.2,0.041,27.0,99.0,0.9927,3.19,0.33,9.8,6,1
348,6.8,0.26,0.22,7.7,0.047,57.0,210.0,0.9959,3.1,0.47,9.0,5,1
349,7.4,0.31,0.28,1.6,0.05,33.0,137.0,0.9929,3.31,0.56,10.5,6,1
350,7.0,0.22,0.31,2.7,0.03,41.0,136.0,0.9898,3.16,0.37,12.7,7,1
351,7.0,0.21,0.28,8.7,0.045,37.0,222.0,0.9954,3.25,0.54,10.4,6,1
352,7.0,0.21,0.28,8.6,0.045,37.0,221.0,0.9954,3.25,0.54,10.4,6,1
353,6.9,0.23,0.38,8.3,0.047,47.0,162.0,0.9954,3.34,0.52,10.5,7,1
354,6.8,0.29,0.5,13.3,0.053,48.0,194.0,0.9974,3.09,0.45,9.4,5,1
355,7.8,0.21,0.27,1.2,0.051,20.0,89.0,0.9936,3.06,0.46,9.1,5,1
356,7.1,0.31,0.47,13.6,0.056,54.0,197.0,0.9978,3.1,0.49,9.3,5,1
357,6.4,0.34,0.1,1.1,0.048,19.0,84.0,0.9927,3.21,0.38,9.8,5,1
358,7.4,0.155,0.34,2.3,0.045,73.5,214.0,0.9934,3.18,0.61,9.9,7,1
359,7.2,0.55,0.09,1.5,0.108,16.0,151.0,0.9938,3.07,0.57,9.2,4,1
360,7.0,0.23,0.36,7.1,0.028,31.0,104.0,0.9922,3.35,0.47,12.1,8,1
361,6.9,0.2,0.37,6.2,0.027,24.0,97.0,0.992,3.38,0.49,12.2,7,1
362,6.1,0.28,0.32,2.5,0.042,23.0,218.5,0.9935,3.27,0.6,9.8,5,1
363,6.6,0.16,0.32,1.4,0.035,49.0,186.0,0.9906,3.35,0.64,12.4,8,1
364,6.2,0.35,0.04,1.2,0.06,23.0,108.0,0.9934,3.26,0.54,9.2,5,1
365,6.7,0.22,0.37,1.6,0.028,24.0,102.0,0.9913,3.29,0.59,11.6,7,1
366,6.1,0.38,0.2,6.6,0.033,25.0,137.0,0.9938,3.3,0.69,10.4,6,1
367,6.0,0.25,0.28,2.2,0.026,54.0,126.0,0.9898,3.43,0.65,12.9,8,1
368,6.6,0.52,0.44,12.2,0.048,54.0,245.0,0.9975,3.26,0.54,9.3,6,1
369,6.9,0.24,0.36,20.8,0.031,40.0,139.0,0.9975,3.2,0.33,11.0,6,1
370,7.1,0.32,0.32,11.0,0.038,16.0,66.0,0.9937,3.24,0.4,11.5,3,1
371,5.8,0.28,0.27,2.6,0.054,30.0,156.0,0.9914,3.53,0.42,12.4,5,1
372,6.5,0.41,0.24,14.0,0.048,24.0,113.0,0.9982,3.44,0.53,9.8,6,1
373,6.4,0.28,0.29,1.6,0.052,34.0,127.0,0.9929,3.48,0.56,10.5,7,1
374,7.2,0.6,0.2,9.9,0.07,21.0,174.0,0.9971,3.03,0.54,9.1,5,1
375,6.1,0.2,0.25,1.2,0.038,34.0,128.0,0.9921,3.24,0.44,10.1,5,1
376,5.9,0.46,0.14,2.7,0.042,27.0,160.0,0.9931,3.46,0.51,10.6,7,1
377,6.0,0.27,0.27,1.6,0.046,32.0,113.0,0.9924,3.41,0.51,10.5,7,1
378,6.4,0.41,0.24,14.0,0.048,24.0,113.0,0.9982,3.44,0.53,9.8,6,1
379,6.3,0.23,0.31,1.5,0.022,11.0,82.0,0.9892,3.3,0.4,12.9,7,1
380,7.1,0.21,0.27,8.6,0.056,26.0,111.0,0.9956,2.95,0.52,9.5,5,1
381,6.0,0.37,0.32,1.0,0.053,31.0,218.5,0.9924,3.29,0.72,9.8,6,1
382,6.1,0.43,0.35,9.1,0.059,83.0,249.0,0.9971,3.37,0.5,8.5,5,1
383,7.0,0.25,0.29,15.2,0.047,40.0,171.0,0.9982,3.22,0.45,9.3,5,1
384,5.9,0.25,0.19,12.4,0.047,50.0,162.0,0.9973,3.35,0.38,9.5,5,1
385,6.8,0.32,0.21,2.2,0.044,15.0,68.0,0.9932,3.17,0.39,9.4,6,1
386,7.2,0.39,0.62,11.0,0.047,66.0,178.0,0.9976,3.16,0.5,8.7,5,1
387,6.3,0.21,0.58,10.0,0.081,34.0,126.0,0.9962,2.95,0.46,8.9,5,1
388,7.0,0.14,0.32,9.0,0.039,54.0,141.0,0.9956,3.22,0.43,9.4,6,1
389,7.2,0.29,0.53,18.15,0.047,59.0,182.0,0.9992,3.09,0.52,9.6,5,1
390,8.6,0.37,0.7,12.15,0.039,21.0,158.0,0.9983,3.0,0.73,9.3,6,1
391,6.5,0.38,0.34,3.4,0.036,34.0,200.0,0.9937,3.14,0.76,10.0,5,1
392,6.6,0.24,0.29,2.0,0.023,19.0,86.0,0.99,3.25,0.45,12.5,6,1
393,7.0,0.17,0.31,4.8,0.034,34.0,132.0,0.9944,3.36,0.48,9.6,7,1
394,5.5,0.16,0.22,4.5,0.03,30.0,102.0,0.9938,3.24,0.36,9.4,6,1
395,7.0,0.24,0.51,11.0,0.029,55.0,227.0,0.9965,3.03,0.61,9.5,5,1
396,7.4,0.28,0.36,1.1,0.028,42.0,105.0,0.9893,2.99,0.39,12.4,7,1
397,7.0,0.22,0.28,1.5,0.037,29.0,115.0,0.9927,3.11,0.55,10.5,6,1
398,7.1,0.55,0.13,1.7,0.073,21.0,165.0,0.994,2.97,0.58,9.2,6,1
399,6.3,0.22,0.33,1.7,0.041,67.0,164.0,0.9928,3.32,0.56,10.4,6,1
400,6.7,0.47,0.34,8.9,0.043,31.0,172.0,0.9964,3.22,0.6,9.2,5,1
401,5.9,0.36,0.41,1.3,0.047,45.0,104.0,0.9917,3.33,0.51,10.6,6,1
402,5.8,0.25,0.24,13.3,0.044,41.0,137.0,0.9972,3.34,0.42,9.5,5,1
403,6.2,0.37,0.3,6.6,0.346,79.0,200.0,0.9954,3.29,0.58,9.6,5,1
404,6.2,0.18,0.38,1.5,0.028,36.0,117.0,0.993,3.47,0.54,9.7,6,1
405,6.0,0.16,0.37,1.5,0.025,43.0,117.0,0.9928,3.46,0.51,9.7,6,1
406,6.6,0.34,0.28,1.3,0.035,32.0,90.0,0.9916,3.1,0.42,10.7,6,1
407,7.4,0.29,0.29,1.6,0.045,53.0,180.0,0.9936,3.34,0.68,10.5,6,1
408,7.4,0.26,0.31,7.6,0.047,52.0,177.0,0.9962,3.13,0.45,8.9,6,1
409,7.0,0.28,0.36,1.0,0.035,8.0,70.0,0.9899,3.09,0.46,12.1,6,1
410,7.1,0.23,0.39,1.6,0.032,12.0,65.0,0.9898,3.25,0.4,12.7,7,1
411,7.8,0.19,0.26,8.9,0.039,42.0,182.0,0.996,3.18,0.46,9.9,6,1
412,6.3,0.19,0.28,1.8,0.022,28.0,158.0,0.9907,3.2,0.64,11.4,6,1
413,6.8,0.2,0.38,4.7,0.04,27.0,103.0,0.994,3.37,0.58,10.7,6,1
414,5.7,0.44,0.13,7.0,0.025,28.0,173.0,0.9913,3.33,0.48,12.5,6,1
415,7.2,0.4,0.62,10.8,0.041,70.0,189.0,0.9976,3.08,0.49,8.6,4,1
416,6.8,0.23,0.32,1.6,0.026,43.0,147.0,0.9904,3.29,0.54,12.5,6,1
417,5.7,0.335,0.34,1.0,0.04,13.0,174.0,0.992,3.27,0.66,10.0,5,1
418,7.2,0.28,0.54,16.7,0.045,54.0,200.0,0.999,3.08,0.49,9.5,6,1
419,6.8,0.19,0.58,14.2,0.038,51.0,164.0,0.9975,3.12,0.48,9.6,6,1
420,6.4,0.3,0.3,2.25,0.038,8.0,210.0,0.9937,3.2,0.62,9.9,6,1
421,6.5,0.3,0.29,2.25,0.037,8.0,210.0,0.9937,3.19,0.62,9.9,5,1
422,7.8,0.18,0.31,12.2,0.053,46.0,140.0,0.998,3.06,0.53,8.9,6,1
423,7.3,0.51,0.26,3.3,0.09,7.0,135.0,0.9944,3.01,0.52,8.8,5,1
424,6.0,0.24,0.27,1.9,0.048,40.0,170.0,0.9938,3.64,0.54,10.0,7,1
425,5.9,0.62,0.28,3.5,0.039,55.0,152.0,0.9907,3.44,0.44,12.0,6,1
426,6.7,0.27,0.12,1.3,0.041,62.0,138.0,0.9921,3.21,0.42,10.0,6,1
427,7.8,0.34,0.35,1.8,0.042,8.0,167.0,0.9908,3.11,0.41,12.1,6,1
428,7.3,0.26,0.36,5.2,0.04,31.0,141.0,0.9931,3.16,0.59,11.0,6,1
429,7.4,0.36,0.33,1.4,0.025,27.0,55.0,0.9915,3.21,0.33,11.2,6,1
430,7.8,0.28,0.32,9.0,0.036,34.0,115.0,0.9952,3.17,0.39,10.3,7,1
431,6.1,0.31,0.26,2.2,0.051,28.0,167.0,0.9926,3.37,0.47,10.4,6,1
432,6.8,0.18,0.37,1.6,0.055,47.0,154.0,0.9934,3.08,0.45,9.1,5,1
433,7.4,0.15,0.42,1.7,0.045,49.0,154.0,0.992,3.0,0.6,10.4,6,1
434,5.9,0.13,0.28,1.9,0.05,20.0,78.0,0.9918,3.43,0.64,10.8,6,1
435,7.2,0.34,0.34,12.6,0.048,7.0,41.0,0.9942,3.19,0.4,11.7,5,1
436,7.9,0.19,0.26,2.1,0.039,8.0,143.0,0.9942,3.05,0.74,9.8,5,1
437,6.9,0.25,0.4,1.3,0.038,22.0,101.0,0.9901,3.03,0.39,11.4,6,1
438,5.8,0.36,0.32,1.7,0.033,22.0,96.0,0.9898,3.03,0.38,11.2,6,1
439,5.6,0.35,0.37,1.0,0.038,6.0,72.0,0.9902,3.37,0.34,11.4,5,1
440,5.9,0.32,0.39,3.3,0.114,24.0,140.0,0.9934,3.09,0.45,9.2,6,1
441,7.2,0.31,0.46,5.0,0.04,3.0,29.0,0.9906,3.04,0.53,12.5,4,1
442,6.1,0.28,0.22,1.8,0.034,32.0,116.0,0.9898,3.36,0.44,12.6,6,1
443,5.2,0.36,0.02,1.6,0.031,24.0,104.0,0.9896,3.44,0.35,12.2,6,1
444,5.6,0.19,0.47,4.5,0.03,19.0,112.0,0.9922,3.56,0.45,11.2,6,1
445,6.4,0.1,0.35,4.9,0.048,31.0,103.0,0.9947,3.43,0.79,9.7,6,1
446,6.4,0.18,0.48,4.0,0.186,64.0,150.0,0.9945,3.06,0.4,9.3,5,1
447,7.4,0.25,0.36,13.2,0.067,53.0,178.0,0.9976,3.01,0.48,9.0,6,1
448,7.9,0.345,0.51,15.3,0.047,54.0,171.0,0.9987,3.09,0.51,9.1,5,1
449,6.1,0.24,0.3,1.5,0.045,22.0,61.0,0.992,3.31,0.54,10.4,5,1
450,6.8,0.25,0.24,4.55,0.053,41.0,211.0,0.9955,3.37,0.67,9.5,6,1
451,6.7,0.31,0.31,9.9,0.04,10.0,175.0,0.9953,3.46,0.55,11.4,4,1
452,7.2,0.46,0.65,10.4,0.05,76.0,192.0,0.9976,3.16,0.42,8.7,5,1
453,5.5,0.35,0.35,1.1,0.045,14.0,167.0,0.992,3.34,0.68,9.9,6,1
454,6.7,0.24,0.41,8.7,0.036,29.0,148.0,0.9952,3.22,0.62,9.9,6,1
455,6.8,0.28,0.17,13.9,0.047,49.0,162.0,0.9983,3.21,0.51,9.0,6,1
456,6.4,0.16,0.22,1.4,0.04,41.0,149.0,0.9933,3.49,0.58,10.0,6,1
457,6.3,0.26,0.24,7.2,0.039,38.0,172.0,0.9958,3.49,0.64,9.7,6,1
458,7.7,0.22,0.42,1.9,0.052,10.0,87.0,0.9922,3.3,0.49,11.8,6,1
459,6.5,0.18,0.31,1.7,0.044,30.0,127.0,0.9928,3.49,0.5,10.2,7,1
460,7.0,0.3,0.51,13.6,0.05,40.0,168.0,0.9976,3.07,0.52,9.6,7,1
461,9.2,0.25,0.34,1.2,0.026,31.0,93.0,0.9916,2.93,0.37,11.3,7,1
462,7.8,0.28,0.34,1.6,0.028,32.0,118.0,0.9901,3.0,0.38,12.1,7,1
463,8.4,0.35,0.71,12.2,0.046,22.0,160.0,0.9982,2.98,0.65,9.4,5,1
464,6.1,0.41,0.24,1.6,0.049,16.0,137.0,0.993,3.32,0.5,10.4,6,1
465,5.9,0.21,0.24,12.1,0.044,53.0,165.0,0.9969,3.25,0.39,9.5,5,1
466,7.2,0.34,0.44,4.2,0.047,51.0,144.0,0.991,3.01,0.76,12.3,6,1
467,6.7,0.21,0.42,9.1,0.049,31.0,150.0,0.9953,3.12,0.74,9.9,7,1
468,5.9,0.37,0.1,1.6,0.057,39.0,128.0,0.9924,3.24,0.48,10.1,5,1
469,7.7,0.34,0.27,8.8,0.063,39.0,184.0,0.9969,3.09,0.63,9.2,6,1
470,7.4,0.3,0.22,1.4,0.046,16.0,135.0,0.9928,3.08,0.77,10.4,7,1
471,6.8,0.51,0.3,4.2,0.066,38.0,165.0,0.9945,3.2,0.42,9.1,5,1
472,7.8,0.22,0.38,10.3,0.059,28.0,99.0,0.9967,3.12,0.47,10.0,6,1
473,7.2,0.35,0.34,12.4,0.051,6.0,37.0,0.9944,3.13,0.39,11.5,6,1
474,6.0,0.26,0.5,2.2,0.048,59.0,153.0,0.9928,3.08,0.61,9.8,5,1
475,6.1,0.26,0.51,2.2,0.05,61.0,154.0,0.9929,3.08,0.6,9.8,6,1
476,6.5,0.28,0.27,5.2,0.04,44.0,179.0,0.9948,3.19,0.69,9.4,6,1
477,7.4,0.41,0.66,10.8,0.051,77.0,194.0,0.9976,3.05,0.46,8.7,5,1
478,6.5,0.28,0.29,2.7,0.038,26.0,107.0,0.9912,3.32,0.41,11.6,7,1
479,6.7,0.34,0.54,16.3,0.047,44.0,181.0,0.9987,3.04,0.56,8.8,5,1
480,7.2,0.2,0.34,2.7,0.032,49.0,151.0,0.99,3.16,0.39,12.7,7,1
481,7.4,0.2,0.33,1.9,0.035,39.0,138.0,0.991,3.17,0.44,11.7,7,1
482,8.2,0.22,0.3,1.8,0.047,47.0,185.0,0.9933,3.13,0.5,10.2,6,1
483,8.2,0.23,0.29,1.8,0.047,47.0,187.0,0.9933,3.13,0.5,10.2,6,1
484,7.1,0.22,0.33,2.8,0.033,48.0,153.0,0.9899,3.15,0.38,12.7,7,1
485,6.0,0.38,0.26,6.0,0.034,42.0,134.0,0.9912,3.38,0.38,12.3,7,1
486,5.7,0.18,0.22,4.2,0.042,25.0,111.0,0.994,3.35,0.39,9.4,5,1
487,7.3,0.3,0.22,6.4,0.056,44.0,168.0,0.9947,3.13,0.35,10.1,6,1
488,7.4,0.24,0.22,10.7,0.042,26.0,81.0,0.9954,2.86,0.36,9.7,6,1
489,6.6,0.25,0.3,1.6,0.046,32.0,134.0,0.993,3.42,0.51,10.1,7,1
490,7.4,0.26,0.3,7.9,0.049,38.0,157.0,0.9963,3.13,0.48,8.9,6,1
491,6.1,0.32,0.25,1.7,0.034,37.0,136.0,0.992,3.47,0.5,10.8,7,1
492,6.9,0.28,0.27,2.1,0.036,42.0,121.0,0.9926,3.42,0.49,10.8,7,1
493,7.0,0.23,0.33,5.8,0.04,25.0,136.0,0.995,3.19,0.58,9.5,6,1
494,7.1,0.31,0.5,14.5,0.059,6.0,148.0,0.9983,2.94,0.44,9.1,5,1
495,7.3,0.2,0.37,1.2,0.037,48.0,119.0,0.992,3.32,0.49,10.9,6,1
496,6.9,0.41,0.33,10.1,0.043,28.0,152.0,0.9968,3.2,0.52,9.4,5,1
497,6.4,0.45,0.07,1.1,0.03,10.0,131.0,0.9905,2.97,0.28,10.8,5,1
498,6.4,0.475,0.06,1.0,0.03,9.0,131.0,0.9904,2.97,0.29,10.8,5,1
499,6.3,0.27,0.38,0.9,0.051,7.0,140.0,0.9926,3.45,0.5,10.5,7,1
500,7.0,0.29,0.37,4.9,0.034,26.0,127.0,0.9928,3.17,0.44,10.8,6,1
501,5.9,0.27,0.29,11.4,0.036,31.0,115.0,0.9949,3.35,0.48,10.5,8,1
502,6.9,0.19,0.4,1.4,0.036,14.0,55.0,0.9909,3.08,0.68,11.5,7,1
503,6.7,0.3,0.35,1.4,0.18,36.0,160.0,0.9937,3.11,0.54,9.4,6,1
504,7.2,0.24,0.4,1.4,0.045,31.0,106.0,0.9914,2.88,0.38,10.8,6,1
505,6.3,0.26,0.49,1.5,0.052,34.0,134.0,0.9924,2.99,0.61,9.8,6,1
506,7.3,0.25,0.29,7.5,0.049,38.0,158.0,0.9965,3.43,0.38,9.6,5,1
507,6.1,0.28,0.25,17.75,0.044,48.0,161.0,0.9993,3.34,0.48,9.5,5,1
508,7.4,0.37,0.35,5.7,0.061,12.0,94.0,0.9965,3.48,0.69,10.7,6,1
509,6.5,0.36,0.28,3.2,0.037,29.0,119.0,0.9908,3.25,0.65,12.4,8,1
510,7.4,0.24,0.4,4.3,0.032,9.0,95.0,0.992,3.09,0.39,11.1,6,1
511,7.5,0.23,0.68,11.0,0.047,37.0,133.0,0.9978,2.99,0.38,8.8,5,1
512,7.5,0.21,0.68,10.9,0.045,38.0,133.0,0.9978,3.0,0.36,8.7,5,1
513,7.8,0.32,0.33,2.4,0.037,18.0,101.0,0.9912,3.21,0.65,11.7,7,1
514,7.8,0.26,0.27,1.9,0.051,52.0,195.0,0.9928,3.23,0.5,10.9,6,1
515,7.7,0.24,0.27,1.8,0.051,52.0,190.0,0.9928,3.23,0.5,10.8,6,1
516,7.4,0.19,0.3,1.4,0.057,33.0,135.0,0.993,3.12,0.5,9.6,6,1
517,6.5,0.46,0.41,16.8,0.084,59.0,222.0,0.9993,3.18,0.58,9.0,5,1
518,6.5,0.26,0.43,8.9,0.083,50.0,171.0,0.9965,2.85,0.5,9.0,5,1
519,5.3,0.32,0.12,6.6,0.043,22.0,141.0,0.9937,3.36,0.6,10.4,6,1
520,7.2,0.24,0.34,1.1,0.045,3.0,64.0,0.9913,3.23,0.51,11.4,5,1
521,6.0,0.36,0.06,1.4,0.066,27.0,128.0,0.9934,3.26,0.55,9.3,5,1
522,6.2,0.24,0.29,13.3,0.039,49.0,130.0,0.9952,3.33,0.46,11.0,8,1
523,7.6,0.56,0.12,10.4,0.096,22.0,177.0,0.9983,3.32,0.45,9.1,4,1
524,7.0,0.32,0.24,6.2,0.048,31.0,228.0,0.9957,3.23,0.62,9.4,6,1
525,5.8,0.31,0.33,1.2,0.036,23.0,99.0,0.9916,3.18,0.6,10.5,6,1
526,7.0,0.23,0.42,18.05,0.05,35.0,144.0,0.9999,3.22,0.42,8.8,5,1
527,6.9,0.24,0.33,4.8,0.04,16.0,131.0,0.9936,3.26,0.64,10.7,6,1
528,6.0,0.29,0.2,12.6,0.045,45.0,187.0,0.9972,3.33,0.42,9.5,5,1
529,6.1,0.17,0.28,4.5,0.033,46.0,150.0,0.9933,3.43,0.49,10.9,6,1
530,5.9,0.14,0.25,4.5,0.027,34.0,140.0,0.9934,3.49,0.51,10.8,6,1
531,6.2,0.17,0.28,4.7,0.037,39.0,133.0,0.9931,3.41,0.46,10.8,7,1
532,7.4,0.28,0.25,11.9,0.053,25.0,148.0,0.9976,3.1,0.62,9.2,5,1
533,5.6,0.35,0.14,5.0,0.046,48.0,198.0,0.9937,3.3,0.71,10.3,5,1
534,5.8,0.335,0.14,5.8,0.046,49.0,197.0,0.9937,3.3,0.71,10.3,5,1
535,5.6,0.235,0.29,1.2,0.047,33.0,127.0,0.991,3.34,0.5,11.0,7,1
536,6.1,0.28,0.25,12.9,0.054,34.0,189.0,0.9979,3.25,0.43,9.0,4,1
537,6.3,0.21,0.33,13.9,0.046,68.0,179.0,0.9971,3.36,0.5,10.4,6,1
538,6.4,0.24,0.28,11.5,0.05,34.0,163.0,0.9969,3.31,0.45,9.5,5,1
539,6.4,0.24,0.29,11.4,0.051,32.0,166.0,0.9968,3.31,0.45,9.5,5,1
540,6.3,0.26,0.25,7.8,0.058,44.0,166.0,0.9961,3.24,0.41,9.0,5,1
541,6.5,0.33,0.72,1.1,0.061,7.0,151.0,0.993,3.09,0.57,9.5,4,1
542,7.4,0.105,0.34,12.2,0.05,57.0,146.0,0.9973,3.16,0.37,9.0,6,1
543,6.0,0.32,0.12,5.9,0.041,34.0,190.0,0.9944,3.16,0.72,10.0,5,1
544,7.1,0.26,0.34,14.4,0.067,35.0,189.0,0.9986,3.07,0.53,9.1,7,1
545,5.9,0.24,0.26,12.3,0.053,34.0,134.0,0.9972,3.34,0.45,9.5,6,1
546,6.5,0.21,0.37,2.5,0.048,70.0,138.0,0.9917,3.33,0.75,11.4,7,1
547,7.7,0.27,0.35,5.3,0.03,30.0,117.0,0.992,3.11,0.42,12.2,6,1
548,9.0,0.27,0.35,4.9,0.028,27.0,95.0,0.9932,3.04,0.4,11.3,6,1
549,7.3,0.34,0.21,3.2,0.05,14.0,136.0,0.9936,3.25,0.44,10.2,5,1
550,6.6,0.27,0.25,3.1,0.052,41.0,188.0,0.9915,3.24,0.4,11.3,5,1
551,6.8,0.29,0.16,1.4,0.038,122.5,234.5,0.9922,3.15,0.47,10.0,4,1
552,7.1,0.28,0.26,1.9,0.049,12.0,86.0,0.9934,3.15,0.38,9.4,5,1
553,6.8,0.25,0.34,14.0,0.032,47.0,133.0,0.9952,3.37,0.5,12.2,7,1
554,7.0,0.57,0.1,8.3,0.094,23.0,188.0,0.9972,3.4,0.47,9.2,4,1
555,7.1,0.17,0.38,7.4,0.052,49.0,182.0,0.9958,3.35,0.52,9.6,6,1
556,7.8,0.28,0.22,1.4,0.056,24.0,130.0,0.9944,3.28,0.48,9.5,5,1
557,6.8,0.22,0.37,1.7,0.036,38.0,195.0,0.9908,3.35,0.72,12.5,6,1
558,6.1,0.14,0.25,1.3,0.047,37.0,173.0,0.9925,3.35,0.46,10.0,6,1
559,6.4,0.24,0.5,11.6,0.047,60.0,211.0,0.9966,3.18,0.57,9.3,5,1
560,7.8,0.42,0.26,9.2,0.058,34.0,199.0,0.9972,3.14,0.55,9.3,6,1
561,6.6,0.28,0.36,1.7,0.038,22.0,101.0,0.9912,3.29,0.57,11.6,6,1
562,7.1,0.32,0.34,14.5,0.039,46.0,150.0,0.995,3.38,0.5,12.5,8,1
563,6.7,0.31,0.3,2.1,0.038,18.0,130.0,0.9928,3.36,0.63,10.6,6,1
564,6.4,0.32,0.5,10.7,0.047,57.0,206.0,0.9968,3.08,0.6,9.4,5,1
565,6.1,0.28,0.25,6.9,0.056,44.0,201.0,0.9955,3.19,0.4,9.1,6,1
566,5.9,0.29,0.25,12.0,0.057,48.0,224.0,0.9981,3.23,0.41,9.0,6,1
567,5.8,0.32,0.38,4.75,0.033,23.0,94.0,0.991,3.42,0.42,11.8,7,1
568,5.7,0.32,0.38,4.75,0.033,23.0,94.0,0.991,3.42,0.42,11.8,7,1
569,6.7,0.28,0.14,1.4,0.043,64.0,159.0,0.992,3.17,0.39,10.0,5,1
570,6.8,0.34,0.69,1.3,0.058,12.0,171.0,0.9931,3.06,0.47,9.7,5,1
571,5.9,0.25,0.25,11.3,0.052,30.0,165.0,0.997,3.24,0.44,9.5,6,1
572,6.4,0.27,0.32,4.5,0.24,61.0,174.0,0.9948,3.12,0.48,9.4,5,1
573,8.1,0.46,0.31,1.7,0.052,50.0,183.0,0.9923,3.03,0.42,11.2,5,1
574,6.2,0.36,0.26,13.2,0.051,54.0,201.0,0.9976,3.25,0.46,9.0,5,1
575,6.8,0.22,0.35,5.5,0.043,21.0,114.0,0.9938,3.3,0.53,10.7,7,1
576,6.8,0.67,0.3,13.0,0.29,22.0,193.0,0.9984,3.08,0.67,9.0,4,1
577,7.2,0.28,0.3,10.7,0.044,61.0,222.0,0.9972,3.14,0.5,9.1,6,1
578,6.7,0.17,0.37,2.0,0.039,34.0,125.0,0.9922,3.26,0.6,10.8,7,1
579,6.9,0.2,0.34,1.9,0.043,25.0,136.0,0.9935,3.31,0.6,10.1,4,1
580,6.1,0.36,0.16,6.4,0.037,36.0,198.0,0.9944,3.17,0.62,9.9,6,1
581,6.0,0.36,0.16,6.3,0.036,36.0,191.0,0.9942,3.17,0.62,9.8,5,1
582,5.9,0.37,0.14,6.3,0.036,34.0,185.0,0.9944,3.17,0.63,9.8,5,1
583,7.6,0.29,0.58,17.5,0.041,51.0,225.0,0.9997,3.16,0.66,9.5,6,1
584,6.3,0.34,0.28,14.7,0.047,49.0,198.0,0.9977,3.23,0.46,9.5,5,1
585,6.7,0.19,0.34,1.0,0.022,22.0,94.0,0.9912,3.23,0.57,11.1,6,1
586,7.5,0.31,0.51,14.8,0.039,62.0,204.0,0.9982,3.06,0.6,9.5,5,1
587,7.4,0.31,0.48,14.2,0.042,62.0,204.0,0.9983,3.06,0.59,9.4,5,1
588,8.4,0.4,0.7,13.1,0.042,29.0,197.0,0.998,3.06,0.64,9.7,5,1
589,5.9,0.34,0.22,2.4,0.03,19.0,135.0,0.9894,3.41,0.78,13.9,7,1
590,6.6,0.38,0.18,1.2,0.042,20.0,84.0,0.9927,3.22,0.45,10.1,4,1
591,6.4,0.33,0.28,1.1,0.038,30.0,110.0,0.9917,3.12,0.42,10.5,6,1
592,5.6,0.25,0.26,3.6,0.037,18.0,115.0,0.9904,3.42,0.5,12.6,6,1
593,8.6,0.27,0.46,6.1,0.032,13.0,41.0,0.993,2.89,0.34,10.9,5,1
594,6.2,0.31,0.21,6.3,0.041,50.0,218.0,0.9941,3.15,0.6,10.0,5,1
595,7.2,0.18,0.45,4.4,0.046,57.0,166.0,0.9943,3.13,0.62,11.2,6,1
596,7.7,0.2,0.44,13.9,0.05,44.0,130.0,0.99855,3.11,0.48,10.0,6,1
597,6.2,0.47,0.21,1.0,0.044,13.0,98.0,0.99345,3.14,0.46,9.2,5,1
598,6.1,0.25,0.24,12.1,0.046,51.0,172.0,0.998,3.35,0.45,9.5,5,1
599,8.2,0.27,0.43,1.6,0.035,31.0,128.0,0.9916,3.1,0.5,12.3,6,1
600,6.4,0.31,0.39,7.5,0.04,57.0,213.0,0.99475,3.32,0.43,10.0,5,1
601,6.0,0.39,0.26,2.7,0.038,39.0,187.0,0.99325,3.41,0.5,10.8,6,1
602,6.2,0.21,0.27,1.7,0.038,41.0,150.0,0.9933,3.49,0.71,10.5,7,1
603,7.7,0.42,0.31,9.2,0.048,22.0,221.0,0.9969,3.06,0.61,9.2,6,1
604,7.0,0.27,0.41,18.75,0.042,34.0,157.0,1.0002,2.96,0.5,9.1,5,1
605,7.4,0.29,0.5,1.8,0.042,35.0,127.0,0.9937,3.45,0.5,10.2,7,1
606,6.6,0.29,0.44,9.0,0.053,62.0,178.0,0.99685,3.02,0.45,8.9,5,1
607,6.0,0.3,0.44,1.5,0.046,15.0,182.0,0.99455,3.5,0.52,10.4,5,1
608,6.9,0.31,0.34,1.6,0.032,23.0,128.0,0.9917,3.37,0.47,11.7,6,1
609,6.6,0.33,0.31,1.3,0.02,29.0,89.0,0.99035,3.26,0.44,12.4,8,1
610,7.8,0.3,0.4,1.8,0.028,23.0,122.0,0.9914,3.14,0.39,10.9,7,1
611,6.4,0.39,0.21,1.2,0.041,35.0,136.0,0.99225,3.15,0.46,10.2,5,1
612,6.4,0.24,0.31,2.8,0.038,41.0,114.0,0.99155,3.37,0.66,11.7,7,1
613,7.0,0.21,0.34,8.0,0.057,19.0,101.0,0.9954,2.99,0.59,9.4,5,1
614,6.4,0.16,0.31,5.3,0.043,42.0,157.0,0.99455,3.35,0.47,10.5,5,1
615,6.0,0.33,0.27,0.8,0.185,12.0,188.0,0.9924,3.12,0.62,9.4,5,1
616,6.5,0.23,0.33,13.8,0.042,25.0,139.0,0.99695,3.35,0.56,10.4,6,1
617,6.2,0.25,0.48,10.0,0.044,78.0,240.0,0.99655,3.25,0.47,9.5,6,1
618,8.8,0.28,0.45,6.0,0.022,14.0,49.0,0.9934,3.01,0.33,11.1,7,1
619,6.6,0.25,0.3,14.4,0.052,40.0,183.0,0.998,3.02,0.5,9.1,6,1
620,6.9,0.38,0.25,9.8,0.04,28.0,191.0,0.9971,3.28,0.61,9.2,5,1
621,6.4,0.25,0.3,5.5,0.038,15.0,129.0,0.9948,3.14,0.49,9.6,6,1
622,7.1,0.21,0.31,3.8,0.021,40.0,142.0,0.99215,3.17,0.39,10.8,7,1
623,6.9,0.39,0.4,4.6,0.022,5.0,19.0,0.9915,3.31,0.37,12.6,3,1
624,5.8,0.2,0.3,1.5,0.031,21.0,57.0,0.99115,3.44,0.55,11.0,6,1
625,7.0,0.2,0.37,2.0,0.03,26.0,136.0,0.9932,3.28,0.61,10.2,6,1
626,5.9,0.26,0.25,12.5,0.034,38.0,152.0,0.9977,3.33,0.43,9.4,5,1
627,7.4,0.38,0.27,7.5,0.041,24.0,160.0,0.99535,3.17,0.43,10.0,5,1
628,7.4,0.2,1.66,2.1,0.022,34.0,113.0,0.99165,3.26,0.55,12.2,6,1
629,7.0,0.21,0.34,8.5,0.033,31.0,253.0,0.9953,3.22,0.56,10.5,6,1
630,7.2,0.29,0.4,7.6,0.024,56.0,177.0,0.9928,3.04,0.32,11.5,6,1
631,6.9,0.18,0.38,8.1,0.049,44.0,176.0,0.9958,3.3,0.54,9.8,6,1
632,7.3,0.3,0.42,7.35,0.025,51.0,175.0,0.9928,3.04,0.32,11.4,6,1
633,6.9,0.2,0.5,10.0,0.036,78.0,167.0,0.9964,3.15,0.55,10.2,6,1
634,6.7,0.2,0.42,14.0,0.038,83.0,160.0,0.9987,3.16,0.5,9.4,6,1
635,5.9,0.35,0.47,2.2,0.11,14.0,138.0,0.9932,3.09,0.5,9.1,5,1
636,7.1,0.28,0.44,1.8,0.032,32.0,107.0,0.9907,3.25,0.48,12.2,7,1
637,5.8,0.25,0.28,11.1,0.056,45.0,175.0,0.99755,3.42,0.43,9.5,5,1
638,6.8,0.22,0.37,15.2,0.051,68.0,178.0,0.99935,3.4,0.85,9.3,6,1
639,7.1,0.14,0.4,1.2,0.051,55.0,136.0,0.9932,3.3,0.96,9.8,7,1
640,7.1,0.13,0.4,1.2,0.047,54.0,134.0,0.9932,3.3,0.97,9.8,7,1
641,7.0,0.2,0.38,8.1,0.05,42.0,173.0,0.99585,3.3,0.54,9.8,6,1
642,6.8,0.24,0.49,19.3,0.057,55.0,247.0,1.00055,3.0,0.56,8.7,5,1
643,5.0,0.44,0.04,18.6,0.039,38.0,128.0,0.9985,3.37,0.57,10.2,6,1
644,6.3,0.3,0.28,5.0,0.042,36.0,168.0,0.99505,3.22,0.69,9.5,6,1
645,7.2,0.27,0.42,1.6,0.05,35.0,135.0,0.992,2.94,0.46,11.0,6,1
646,6.7,0.5,0.63,13.4,0.078,81.0,238.0,0.9988,3.08,0.44,9.2,5,1
647,6.8,0.2,0.36,1.6,0.028,7.0,46.0,0.99175,3.21,0.6,10.9,6,1
648,6.7,0.11,0.34,8.8,0.043,41.0,113.0,0.9962,3.42,0.4,9.3,7,1
649,6.8,0.12,0.31,5.2,0.045,29.0,120.0,0.9942,3.41,0.46,9.8,7,1
650,6.6,0.16,0.57,1.1,0.13,58.0,140.0,0.9927,3.12,0.39,9.3,7,1
651,6.6,0.21,0.6,1.1,0.135,61.0,144.0,0.9927,3.12,0.39,9.3,7,1
652,6.1,0.27,0.3,16.7,0.039,49.0,172.0,0.99985,3.4,0.45,9.4,5,1
653,9.1,0.27,0.45,10.6,0.035,28.0,124.0,0.997,3.2,0.46,10.4,9,1
654,6.4,0.225,0.48,2.2,0.115,29.0,104.0,0.9918,3.24,0.58,12.1,6,1
655,8.3,0.14,0.45,1.5,0.039,18.0,98.0,0.99215,3.02,0.56,11.0,6,1
656,7.2,0.23,0.19,13.7,0.052,47.0,197.0,0.99865,3.12,0.53,9.0,5,1
657,6.9,0.22,0.37,15.0,0.053,59.0,178.0,0.9992,3.37,0.82,9.5,7,1
658,8.1,0.17,0.44,14.1,0.053,43.0,145.0,1.0006,3.28,0.75,8.8,8,1
659,6.0,0.395,0.0,1.4,0.042,7.0,55.0,0.99135,3.37,0.38,11.2,4,1
660,7.8,0.29,0.22,9.5,0.056,44.0,213.0,0.99715,3.08,0.61,9.3,6,1
661,7.6,0.3,0.27,10.6,0.039,31.0,119.0,0.99815,3.27,0.3,9.3,6,1
662,7.7,0.34,0.28,11.0,0.04,31.0,117.0,0.99815,3.27,0.29,9.2,6,1
663,5.8,0.34,0.16,7.0,0.037,26.0,116.0,0.9949,3.46,0.45,10.0,7,1
664,5.9,0.24,0.3,2.0,0.033,28.0,92.0,0.99225,3.39,0.69,10.9,7,1
665,6.4,0.46,0.08,4.9,0.046,34.0,144.0,0.99445,3.1,0.56,10.0,5,1
666,7.4,0.32,0.27,1.4,0.049,38.0,173.0,0.99335,3.03,0.52,9.3,5,1
667,7.2,0.31,0.26,7.3,0.05,37.0,157.0,0.99625,3.09,0.43,9.0,5,1
668,7.8,0.42,0.23,8.8,0.054,42.0,215.0,0.9971,3.02,0.58,9.2,6,1
669,6.9,0.24,0.33,12.5,0.046,47.0,153.0,0.9983,3.28,0.77,9.6,6,1
670,5.4,0.18,0.24,4.8,0.041,30.0,113.0,0.99445,3.42,0.4,9.4,6,1
671,6.0,0.18,0.31,1.4,0.036,14.0,75.0,0.99085,3.34,0.58,11.1,8,1
672,7.8,0.27,0.58,11.2,0.036,44.0,161.0,0.9977,3.06,0.41,8.9,6,1
673,6.0,0.28,0.49,6.8,0.048,61.0,222.0,0.9953,3.19,0.47,9.3,5,1
674,6.8,0.39,0.35,11.6,0.044,57.0,220.0,0.99775,3.07,0.53,9.3,5,1
675,6.6,0.21,0.31,11.4,0.039,46.0,165.0,0.99795,3.41,0.44,9.8,7,1
676,7.3,0.32,0.34,6.6,0.032,24.0,112.0,0.99505,3.22,0.46,9.8,6,1
677,6.4,0.31,0.26,13.2,0.046,57.0,205.0,0.9975,3.17,0.41,9.6,5,1
678,6.2,0.29,0.26,13.1,0.046,55.0,204.0,0.99745,3.16,0.41,9.6,6,1
679,6.0,0.39,0.17,12.0,0.046,65.0,246.0,0.9976,3.15,0.38,9.0,6,1
680,6.2,0.3,0.26,13.4,0.046,57.0,206.0,0.99775,3.17,0.43,9.5,6,1
681,6.0,0.41,0.05,1.5,0.063,17.0,120.0,0.9932,3.21,0.56,9.2,6,1
682,6.4,0.35,0.28,1.1,0.055,9.0,160.0,0.99405,3.42,0.5,9.1,7,1
683,6.5,0.26,0.32,16.5,0.045,44.0,166.0,1.0,3.38,0.46,9.5,6,1
684,7.9,0.35,0.24,15.6,0.072,44.0,229.0,0.99785,3.03,0.59,10.5,6,1
685,6.2,0.3,0.17,2.8,0.04,24.0,125.0,0.9939,3.01,0.46,9.0,5,1
686,8.4,0.18,0.42,5.1,0.036,7.0,77.0,0.9939,3.16,0.52,11.7,5,1
687,6.6,0.56,0.22,8.9,0.034,27.0,133.0,0.99675,3.2,0.51,9.1,5,1
688,6.6,0.36,0.29,1.6,0.021,24.0,85.0,0.98965,3.41,0.61,12.4,9,1
689,7.3,0.655,0.2,10.2,0.071,28.0,212.0,0.9971,2.96,0.58,9.2,6,1
690,6.8,0.18,0.21,5.4,0.053,34.0,104.0,0.99445,3.3,0.43,9.4,5,1
691,6.7,0.19,0.23,6.2,0.047,36.0,117.0,0.9945,3.34,0.43,9.6,6,1
692,7.0,0.21,0.37,7.2,0.042,36.0,167.0,0.9958,3.26,0.56,9.8,6,1
693,6.8,0.25,0.38,8.1,0.046,24.0,155.0,0.9956,3.33,0.59,10.2,6,1
694,7.4,0.24,0.36,2.0,0.031,27.0,139.0,0.99055,3.28,0.48,12.5,9,1
695,7.1,0.16,0.36,10.7,0.044,20.0,90.0,0.9959,3.16,0.44,10.9,7,1
696,7.1,0.16,0.36,1.2,0.043,21.0,90.0,0.9925,3.16,0.42,11.0,7,1
697,7.3,0.205,0.31,1.7,0.06,34.0,110.0,0.9963,3.72,0.69,10.5,6,1
698,7.4,0.17,0.4,5.5,0.037,34.0,161.0,0.9935,3.05,0.62,11.5,4,1
699,7.3,0.3,0.34,2.7,0.044,34.0,108.0,0.99105,3.36,0.53,12.8,8,1
700,6.9,0.25,0.34,1.3,0.035,27.0,82.0,0.99045,3.18,0.44,12.2,6,1
701,7.5,0.42,0.34,4.3,0.04,34.0,108.0,0.99155,3.14,0.45,12.8,8,1
702,7.3,0.25,0.36,2.1,0.034,30.0,177.0,0.99085,3.25,0.4,11.9,8,1
703,7.5,0.34,0.35,6.0,0.034,12.0,126.0,0.9924,3.16,0.39,12.0,7,1
704,7.6,0.33,0.35,6.3,0.036,12.0,126.0,0.9924,3.16,0.39,12.0,7,1
705,8.7,0.23,0.32,13.4,0.044,35.0,169.0,0.99975,3.12,0.47,8.8,7,1
706,6.9,0.19,0.35,1.7,0.036,33.0,101.0,0.99315,3.21,0.54,10.8,7,1
707,7.3,0.21,0.29,1.6,0.034,29.0,118.0,0.9917,3.3,0.5,11.0,8,1
708,6.6,0.22,0.37,15.4,0.035,62.0,153.0,0.99845,3.02,0.4,9.3,5,1
709,9.2,0.34,0.27,1.2,0.026,17.0,73.0,0.9921,3.08,0.39,10.8,5,1
710,6.0,0.2,0.24,1.8,0.03,30.0,105.0,0.9909,3.31,0.47,11.5,6,1
711,8.2,0.38,0.49,13.6,0.042,58.0,166.0,0.99855,3.1,0.54,9.4,5,1
712,6.9,0.18,0.36,1.3,0.036,40.0,117.0,0.9934,3.27,0.95,9.5,7,1
713,7.7,0.34,0.58,11.1,0.039,41.0,151.0,0.9978,3.06,0.49,8.6,5,1
714,7.4,0.2,0.35,2.1,0.038,30.0,116.0,0.9949,3.49,0.77,10.3,7,1
715,8.2,0.4,0.48,13.7,0.042,59.0,169.0,0.9986,3.1,0.52,9.4,5,1
716,6.7,0.22,0.39,10.2,0.038,60.0,149.0,0.99725,3.17,0.54,10.0,7,1
717,6.6,0.3,0.3,4.8,0.17,60.0,166.0,0.9946,3.18,0.47,9.4,5,1
718,8.1,0.27,0.35,1.7,0.03,38.0,103.0,0.99255,3.22,0.63,10.4,8,1
719,7.3,0.25,0.42,14.2,0.041,57.0,182.0,0.9996,3.29,0.75,9.1,7,1
720,4.8,0.34,0.0,6.5,0.028,33.0,163.0,0.9939,3.36,0.61,9.9,6,1
721,6.2,0.28,0.33,1.7,0.029,24.0,111.0,0.99,3.24,0.5,12.1,6,1
722,4.8,0.33,0.0,6.5,0.028,34.0,163.0,0.9937,3.35,0.61,9.9,5,1
723,6.1,0.27,0.33,2.2,0.021,26.0,117.0,0.9886,3.12,0.3,12.5,6,1
724,7.8,0.18,0.46,12.6,0.042,41.0,143.0,1.0,3.24,0.76,8.5,8,1
725,7.3,0.28,0.42,14.4,0.04,49.0,173.0,0.9994,3.28,0.82,9.0,7,1
726,7.3,0.24,0.29,1.2,0.037,37.0,97.0,0.9926,3.19,0.7,10.1,6,1
727,6.0,0.45,0.65,9.7,0.08,11.0,159.0,0.9956,3.04,0.48,9.4,5,1
728,6.3,0.26,0.21,4.0,0.03,24.0,125.0,0.9915,3.06,0.34,10.7,6,1
729,10.3,0.17,0.47,1.4,0.037,5.0,33.0,0.9939,2.89,0.28,9.6,3,1
730,7.7,0.15,0.29,1.3,0.029,10.0,64.0,0.9932,3.35,0.39,10.1,5,1
731,7.1,0.21,0.32,2.2,0.037,28.0,141.0,0.993,3.2,0.57,10.0,7,1
732,6.9,0.36,0.34,4.2,0.018,57.0,119.0,0.9898,3.28,0.36,12.7,9,1
733,6.0,0.28,0.34,1.6,0.119,33.0,104.0,0.9921,3.19,0.38,10.2,6,1
734,6.2,0.16,0.54,1.4,0.126,37.0,110.0,0.9932,3.23,0.37,8.9,6,1
735,6.9,0.12,0.36,2.2,0.037,18.0,111.0,0.9919,3.41,0.82,11.9,8,1
736,8.8,0.36,0.44,1.9,0.04,9.0,121.0,0.9953,3.19,0.48,9.9,6,1
737,7.4,0.26,0.43,6.0,0.022,22.0,125.0,0.9928,3.13,0.55,11.5,6,1
738,6.8,0.23,0.29,12.2,0.035,38.0,236.0,0.9976,3.35,0.52,9.8,6,1
739,6.1,0.34,0.27,2.6,0.024,20.0,105.0,0.9906,3.4,0.67,12.2,7,1
740,7.3,0.26,0.31,1.6,0.04,39.0,173.0,0.9918,3.19,0.51,11.4,6,1
741,6.5,0.3,0.32,2.0,0.044,34.0,90.0,0.99185,3.37,0.68,11.0,7,1
742,5.0,0.31,0.0,6.4,0.046,43.0,166.0,0.994,3.3,0.63,9.9,6,1
743,5.8,0.26,0.18,1.2,0.031,40.0,114.0,0.9908,3.42,0.4,11.0,7,1
744,5.9,0.26,0.3,1.0,0.036,38.0,114.0,0.9928,3.58,0.48,9.4,5,1
745,7.0,0.31,0.29,1.4,0.037,33.0,128.0,0.9896,3.12,0.36,12.2,7,1
746,5.6,0.19,0.39,1.1,0.043,17.0,67.0,0.9918,3.23,0.53,10.3,6,1
747,6.8,0.18,0.28,8.7,0.047,52.0,242.0,0.9952,3.22,0.53,10.5,6,1
748,7.0,0.29,0.26,1.6,0.044,12.0,87.0,0.9923,3.08,0.46,10.5,6,1
749,6.6,0.26,0.29,1.4,0.039,13.0,67.0,0.9915,3.05,0.49,10.9,6,1
750,6.8,0.18,0.28,8.5,0.047,52.0,242.0,0.9952,3.22,0.53,10.5,6,1
751,6.6,0.2,0.38,7.9,0.052,30.0,145.0,0.9947,3.32,0.56,11.0,7,1
752,8.0,0.29,0.29,13.2,0.046,26.0,113.0,0.9983,3.25,0.37,9.7,6,1
753,6.1,0.28,0.35,12.8,0.048,63.0,229.0,0.9975,3.08,0.4,8.9,5,1
754,5.9,0.31,0.3,7.7,0.047,60.0,206.0,0.995,3.2,0.39,9.6,6,1
755,6.9,0.21,0.28,2.4,0.056,49.0,159.0,0.9944,3.02,0.47,8.8,8,1
756,8.4,0.19,0.42,1.6,0.047,9.0,101.0,0.994,3.06,0.65,11.1,4,1
757,8.3,0.27,0.45,1.3,0.048,8.0,72.0,0.9944,3.08,0.61,10.3,4,1
758,7.1,0.25,0.39,2.1,0.036,30.0,124.0,0.9908,3.28,0.43,12.2,8,1
759,8.0,0.23,0.37,9.6,0.054,23.0,159.0,0.99795,3.32,0.47,9.8,4,1
760,7.5,0.24,0.31,13.0,0.049,46.0,217.0,0.9985,3.08,0.53,8.8,5,1
761,6.3,0.33,0.2,5.8,0.04,24.0,144.0,0.99425,3.15,0.63,9.9,5,1
762,6.2,0.33,0.19,5.6,0.042,22.0,143.0,0.99425,3.15,0.63,9.9,5,1
763,6.3,0.34,0.19,5.8,0.041,22.0,145.0,0.9943,3.15,0.63,9.9,5,1
764,5.8,0.29,0.05,0.8,0.038,11.0,30.0,0.9924,3.36,0.35,9.2,5,1
765,8.0,0.32,0.26,1.2,0.05,11.5,88.0,0.9946,3.24,0.37,9.5,4,1
766,5.6,0.29,0.05,0.8,0.038,11.0,30.0,0.9924,3.36,0.35,9.2,5,1
767,7.4,0.13,0.39,4.7,0.042,36.0,137.0,0.995,3.36,0.56,10.3,7,1
768,7.7,0.3,0.32,1.6,0.037,23.0,124.0,0.9919,2.93,0.33,11.0,6,1
769,7.0,0.24,0.34,1.4,0.031,27.0,107.0,0.99,3.06,0.39,11.9,6,1
770,8.6,0.18,0.4,1.1,0.04,20.0,107.0,0.9923,2.94,0.32,10.2,7,1
771,7.0,0.11,0.32,4.6,0.057,59.0,144.0,0.9956,3.55,0.44,9.4,7,1
772,7.7,0.32,0.62,10.6,0.036,56.0,153.0,0.9978,3.13,0.44,8.9,6,1
773,6.5,0.26,0.27,12.9,0.044,69.0,215.0,0.9967,3.17,0.43,10.0,6,1
774,7.9,0.28,0.41,2.0,0.044,50.0,152.0,0.9934,3.45,0.49,10.7,8,1
775,6.3,0.27,0.23,2.9,0.047,13.0,100.0,0.9936,3.28,0.43,9.8,5,1
776,5.4,0.595,0.1,2.8,0.042,26.0,80.0,0.9932,3.36,0.38,9.3,5,1
777,6.7,0.25,0.33,2.9,0.057,52.0,173.0,0.9934,3.02,0.48,9.5,7,1
778,6.5,0.25,0.35,12.0,0.055,47.0,179.0,0.998,3.58,0.47,10.0,5,1
779,6.1,0.36,0.58,15.0,0.044,42.0,115.0,0.9978,3.15,0.51,9.0,5,1
780,7.7,0.17,0.52,5.9,0.017,21.0,84.0,0.9929,3.14,0.4,11.9,7,1
781,6.4,0.26,0.43,12.6,0.033,64.0,230.0,0.9974,3.08,0.38,8.9,5,1
782,6.5,0.26,0.28,12.5,0.046,80.0,225.0,0.99685,3.18,0.41,10.0,6,1
783,5.9,0.29,0.33,7.4,0.037,58.0,205.0,0.99495,3.26,0.41,9.6,5,1
784,6.2,0.28,0.43,13.0,0.039,64.0,233.0,0.99745,3.08,0.38,8.9,5,1
785,6.1,0.27,0.44,6.7,0.041,61.0,230.0,0.99505,3.12,0.4,8.9,5,1
786,6.4,0.43,0.32,1.4,0.048,10.0,67.0,0.992,3.08,0.41,11.4,5,1
787,6.2,0.35,0.29,7.3,0.044,56.0,244.0,0.9956,3.36,0.55,10.0,6,1
788,7.7,0.24,0.29,15.3,0.044,39.0,194.0,0.9982,3.06,0.47,9.6,7,1
789,6.2,0.34,0.28,7.5,0.034,40.0,197.0,0.99485,3.14,0.6,9.7,5,1
790,6.3,0.27,0.46,11.75,0.037,61.0,212.0,0.9971,3.25,0.53,9.5,6,1
791,5.4,0.415,0.19,1.6,0.039,27.0,88.0,0.99265,3.54,0.41,10.0,7,1
792,6.9,0.48,0.36,3.5,0.03,31.0,135.0,0.9904,3.14,0.38,12.2,7,1
793,6.5,0.18,0.33,8.0,0.051,16.0,131.0,0.9965,3.28,0.44,8.7,7,1
794,6.7,0.15,0.29,5.0,0.058,28.0,105.0,0.9946,3.52,0.44,10.2,7,1
795,8.2,0.345,1.0,18.2,0.047,55.0,205.0,0.99965,2.96,0.43,9.6,5,1
796,8.5,0.16,0.35,1.6,0.039,24.0,147.0,0.9935,2.96,0.36,10.0,5,1
797,6.8,0.705,0.25,3.2,0.048,10.0,57.0,0.996,3.36,0.52,9.5,4,1
798,7.3,0.25,0.39,6.4,0.034,8.0,84.0,0.9942,3.18,0.46,11.5,5,1
799,7.6,0.345,0.26,1.9,0.043,15.0,134.0,0.9936,3.08,0.38,9.5,5,1
800,7.6,0.22,0.34,9.7,0.035,26.0,143.0,0.9965,3.08,0.49,9.8,6,1
801,6.5,0.17,0.33,1.4,0.028,14.0,99.0,0.9928,3.23,0.55,10.1,6,1
802,8.2,0.23,0.37,1.3,0.042,39.0,117.0,0.9928,2.99,0.36,10.0,5,1
803,7.5,0.32,0.26,1.8,0.042,13.0,133.0,0.9938,3.07,0.38,9.5,5,1
804,6.6,0.23,0.32,0.9,0.041,25.0,79.0,0.9926,3.39,0.54,10.2,7,1
805,6.6,0.2,0.32,1.1,0.039,25.0,78.0,0.9926,3.39,0.54,10.2,7,1
806,7.3,0.24,0.34,15.4,0.05,38.0,174.0,0.9983,3.03,0.42,9.0,6,1
807,8.0,0.42,0.36,5.0,0.037,34.0,101.0,0.992,3.13,0.57,12.3,7,1
808,6.1,0.19,0.25,4.0,0.023,23.0,112.0,0.9923,3.37,0.51,11.6,6,1
809,5.9,0.26,0.21,12.5,0.034,36.0,152.0,0.9972,3.28,0.43,9.5,6,1
810,8.3,0.23,0.43,3.2,0.035,14.0,101.0,0.9928,3.15,0.36,11.5,5,1
811,6.5,0.34,0.28,1.8,0.041,43.0,188.0,0.9928,3.13,0.37,9.6,6,1
812,6.8,0.22,0.35,17.5,0.039,38.0,153.0,0.9994,3.24,0.42,9.0,6,1
813,6.5,0.08,0.33,1.9,0.028,23.0,93.0,0.991,3.34,0.7,12.0,7,1
814,5.5,0.42,0.09,1.6,0.019,18.0,68.0,0.9906,3.33,0.51,11.4,7,1
815,5.1,0.42,0.01,1.5,0.017,25.0,102.0,0.9894,3.38,0.36,12.3,7,1
816,6.0,0.27,0.19,1.7,0.02,24.0,110.0,0.9898,3.32,0.47,12.6,7,1
817,7.1,0.13,0.38,1.8,0.046,14.0,114.0,0.9925,3.32,0.9,11.7,6,1
818,7.6,0.3,0.25,4.3,0.054,22.0,111.0,0.9956,3.12,0.49,9.2,5,1
819,6.6,0.13,0.3,4.9,0.058,47.0,131.0,0.9946,3.51,0.45,10.3,6,1
820,6.5,0.14,0.33,7.6,0.05,53.0,189.0,0.9966,3.25,0.49,8.6,5,1
821,7.7,0.28,0.33,6.7,0.037,32.0,155.0,0.9951,3.39,0.62,10.7,7,1
822,6.0,0.2,0.71,1.6,0.15,10.0,54.0,0.9927,3.12,0.47,9.8,5,1
823,6.0,0.19,0.71,1.5,0.152,9.0,55.0,0.9927,3.12,0.46,9.8,6,1
824,5.1,0.39,0.21,1.7,0.027,15.0,72.0,0.9894,3.5,0.45,12.5,6,1
825,5.7,0.36,0.34,4.2,0.026,21.0,77.0,0.9907,3.41,0.45,11.9,6,1
826,6.9,0.19,0.33,1.6,0.043,63.0,149.0,0.9925,3.44,0.52,10.8,5,1
827,6.0,0.41,0.21,1.9,0.05,29.0,122.0,0.9928,3.42,0.52,10.5,6,1
828,7.4,0.28,0.3,5.3,0.054,44.0,161.0,0.9941,3.12,0.48,10.3,6,1
829,7.4,0.3,0.3,5.2,0.053,45.0,163.0,0.9941,3.12,0.45,10.3,6,1
830,7.7,0.28,0.39,8.9,0.036,8.0,117.0,0.9935,3.06,0.38,12.0,7,1
831,8.6,0.16,0.38,3.4,0.04,41.0,143.0,0.9932,2.95,0.39,10.2,6,1
832,8.2,0.26,0.44,1.3,0.046,7.0,69.0,0.9944,3.14,0.62,10.2,4,1
833,6.5,0.25,0.27,15.2,0.049,75.0,217.0,0.9972,3.19,0.39,9.9,5,1
834,7.0,0.24,0.18,1.3,0.046,9.0,62.0,0.994,3.38,0.47,10.1,4,1
835,8.6,0.18,0.36,1.8,0.04,24.0,187.0,0.9956,3.25,0.55,9.5,6,1
836,7.8,0.27,0.34,1.6,0.046,27.0,154.0,0.9927,3.05,0.45,10.5,6,1
837,6.0,0.26,0.34,1.3,0.046,6.0,29.0,0.9924,3.29,0.63,10.4,5,1
838,6.1,0.24,0.27,9.8,0.062,33.0,152.0,0.9966,3.31,0.47,9.5,6,1
839,8.0,0.24,0.3,17.45,0.056,43.0,184.0,0.9997,3.05,0.5,9.2,6,1
840,7.6,0.21,0.6,2.1,0.046,47.0,165.0,0.9936,3.05,0.54,10.1,7,1
841,8.0,0.19,0.36,1.8,0.05,16.0,84.0,0.9936,3.15,0.45,9.8,7,1
842,6.4,0.28,0.41,6.8,0.045,61.0,216.0,0.9952,3.09,0.46,9.4,5,1
843,6.4,0.28,0.43,7.1,0.045,60.0,221.0,0.9952,3.09,0.45,9.4,6,1
844,6.9,0.24,0.39,1.3,0.063,18.0,136.0,0.9928,3.31,0.48,10.4,7,1
845,5.8,0.36,0.26,3.3,0.038,40.0,153.0,0.9911,3.34,0.55,11.3,6,1
846,6.6,0.18,0.28,3.3,0.044,18.0,91.0,0.993,3.42,0.64,10.8,6,1
847,5.1,0.52,0.06,2.7,0.052,30.0,79.0,0.9932,3.32,0.43,9.3,5,1
848,6.6,0.22,0.37,1.2,0.059,45.0,199.0,0.993,3.37,0.55,10.3,7,1
849,8.3,0.15,0.39,1.3,0.055,32.0,146.0,0.993,3.08,0.39,10.5,6,1
850,7.6,0.16,0.44,1.4,0.043,25.0,109.0,0.9932,3.11,0.75,10.3,6,1
851,7.7,0.16,0.41,1.7,0.048,60.0,173.0,0.9932,3.24,0.66,11.2,7,1
852,8.3,0.16,0.48,1.7,0.057,31.0,98.0,0.9943,3.15,0.41,10.3,6,1
853,6.2,0.25,0.47,11.6,0.048,62.0,210.0,0.9968,3.19,0.5,9.5,5,1
854,6.1,0.16,0.27,12.6,0.064,63.0,162.0,0.9994,3.66,0.43,8.9,5,1
855,7.6,0.39,0.22,2.8,0.036,19.0,113.0,0.9926,3.03,0.29,10.2,5,1
856,6.8,0.37,0.47,11.2,0.071,44.0,136.0,0.9968,2.98,0.88,9.2,5,1
857,7.1,0.18,0.42,1.4,0.045,47.0,157.0,0.9916,2.95,0.31,10.5,6,1
858,8.3,0.14,0.26,1.5,0.049,56.0,189.0,0.9946,3.21,0.62,9.5,6,1
859,8.6,0.2,0.42,1.5,0.041,35.0,125.0,0.9925,3.11,0.49,11.4,7,1
860,6.8,0.19,0.32,7.05,0.019,54.0,188.0,0.9935,3.25,0.37,11.1,8,1
861,7.6,0.19,0.38,10.6,0.06,48.0,174.0,0.9962,3.13,0.38,10.5,6,1
862,6.8,0.34,0.74,2.8,0.088,23.0,185.0,0.9928,3.51,0.7,12.0,6,1
863,6.2,0.15,0.46,1.6,0.039,38.0,123.0,0.993,3.38,0.51,9.7,6,1
864,6.6,0.14,0.44,1.6,0.042,47.0,140.0,0.993,3.32,0.51,10.2,6,1
865,8.0,0.55,0.17,8.2,0.04,13.0,60.0,0.9956,3.09,0.3,9.5,4,1
866,7.0,0.24,0.35,1.5,0.052,51.0,128.0,0.9941,3.41,0.59,10.4,7,1
867,6.3,0.6,0.44,11.0,0.05,50.0,245.0,0.9972,3.19,0.57,9.3,4,1
868,7.1,0.2,0.41,2.1,0.054,24.0,166.0,0.9948,3.48,0.62,10.5,6,1
869,6.2,0.34,0.29,7.6,0.047,45.0,232.0,0.9955,3.35,0.62,10.0,6,1
870,7.1,0.3,0.36,6.8,0.055,44.5,234.0,0.9972,3.49,0.64,10.2,6,1
871,7.9,0.64,0.46,10.6,0.244,33.0,227.0,0.9983,2.87,0.74,9.1,3,1
872,8.8,0.17,0.38,1.8,0.04,39.0,148.0,0.9942,3.16,0.67,10.2,6,1
873,7.5,0.17,0.37,1.5,0.06,18.0,75.0,0.9936,3.54,0.88,10.7,5,1
874,7.1,0.47,0.24,6.0,0.044,11.0,77.0,0.9956,3.21,0.56,9.7,5,1
875,7.1,0.15,0.34,5.3,0.034,33.0,104.0,0.9953,3.37,0.52,9.3,7,1
876,7.5,0.17,0.34,1.4,0.035,13.0,102.0,0.9918,3.05,0.74,11.0,5,1
877,8.2,0.68,0.3,2.1,0.047,17.0,138.0,0.995,3.22,0.71,10.8,4,1
878,7.7,0.275,0.3,1.0,0.039,19.0,75.0,0.992,3.01,0.56,10.7,5,1
879,7.3,0.49,0.32,5.2,0.043,18.0,104.0,0.9952,3.24,0.45,10.7,4,1
880,7.5,0.33,0.48,19.45,0.048,55.0,243.0,1.001,2.95,0.4,8.8,5,1
881,7.2,0.21,0.37,1.6,0.049,23.0,94.0,0.9924,3.16,0.48,10.9,7,1
882,7.3,0.15,0.4,2.0,0.05,24.0,92.0,0.9932,3.14,0.45,10.5,5,1
883,6.5,0.19,0.1,1.3,0.046,23.0,107.0,0.9937,3.29,0.45,10.0,5,1
884,7.0,0.31,0.52,1.7,0.029,5.0,61.0,0.9918,3.07,0.43,10.4,5,1
885,8.3,0.4,0.38,1.1,0.038,15.0,75.0,0.9934,3.03,0.43,9.2,5,1
886,6.1,0.37,0.36,4.7,0.035,36.0,116.0,0.991,3.31,0.62,12.6,6,1
887,7.3,0.24,0.34,7.5,0.048,29.0,152.0,0.9962,3.1,0.54,9.0,5,1
888,6.9,0.21,0.81,1.1,0.137,52.0,123.0,0.9932,3.03,0.39,9.2,6,1
889,7.6,0.29,0.42,1.3,0.035,18.0,86.0,0.9908,2.99,0.39,11.3,5,1
890,9.4,0.29,0.55,2.2,0.05,17.0,119.0,0.9962,3.12,0.69,10.3,4,1
891,8.6,0.26,0.41,2.2,0.049,29.0,111.0,0.9941,2.96,0.44,10.0,5,1
892,7.5,0.21,0.34,1.2,0.06,26.0,111.0,0.9931,3.51,0.47,10.7,6,1
893,7.2,0.51,0.24,10.0,0.093,35.0,197.0,0.9981,3.41,0.47,9.0,5,1
894,5.3,0.3,0.2,1.1,0.077,48.0,166.0,0.9944,3.3,0.54,8.7,4,1
895,8.0,0.26,0.36,2.0,0.054,30.0,121.0,0.992,3.09,0.72,11.6,7,1
896,7.0,0.21,0.28,7.5,0.07,45.0,185.0,0.9966,3.34,0.55,9.4,5,1
897,6.7,0.26,0.26,4.0,0.079,35.5,216.0,0.9956,3.31,0.68,9.5,5,1
898,6.7,0.26,0.26,4.1,0.073,36.0,202.0,0.9956,3.3,0.67,9.5,5,1
899,8.1,0.26,0.37,1.9,0.072,48.0,159.0,0.9949,3.37,0.7,10.9,6,1
900,8.3,0.22,0.38,14.8,0.054,32.0,126.0,1.0002,3.22,0.5,9.7,5,1
901,6.4,0.3,0.51,5.5,0.048,62.0,172.0,0.9942,3.08,0.45,9.1,6,1
902,7.5,0.19,0.34,2.6,0.037,33.0,125.0,0.9923,3.1,0.49,11.1,7,1
903,8.8,0.33,0.44,6.35,0.024,9.0,87.0,0.9917,2.96,0.4,12.6,7,1
904,6.9,0.2,0.36,1.5,0.031,38.0,147.0,0.9931,3.35,0.56,11.0,6,1
905,8.0,0.37,0.32,1.6,0.04,32.0,166.0,0.992,3.0,0.55,11.3,7,1
906,8.2,0.29,0.33,9.1,0.036,28.0,118.0,0.9953,2.96,0.4,10.9,7,1
907,7.7,0.34,0.3,8.0,0.048,25.0,192.0,0.9951,2.97,0.47,10.9,5,1
908,6.2,0.55,0.45,12.0,0.049,27.0,186.0,0.9974,3.17,0.5,9.3,6,1
909,6.4,0.4,0.19,3.2,0.033,28.0,124.0,0.9904,3.22,0.54,12.7,7,1
910,7.5,0.28,0.33,7.7,0.048,42.0,180.0,0.9974,3.37,0.59,10.1,6,1
911,7.8,0.26,0.44,1.3,0.037,43.0,132.0,0.9944,3.18,0.65,10.0,5,1
912,6.5,0.26,0.34,16.3,0.051,56.0,197.0,1.0004,3.49,0.42,9.8,5,1
913,6.3,0.34,0.29,6.2,0.046,29.0,227.0,0.9952,3.29,0.53,10.1,6,1
914,6.8,0.15,0.33,4.7,0.059,31.0,118.0,0.9956,3.43,0.39,9.0,7,1
915,6.3,0.27,0.25,5.8,0.038,52.0,155.0,0.995,3.28,0.38,9.4,6,1
916,7.4,0.2,0.37,16.95,0.048,43.0,190.0,0.9995,3.03,0.42,9.2,6,1
917,6.3,0.23,0.21,5.1,0.035,29.0,142.0,0.9942,3.36,0.33,10.1,7,1
918,7.3,0.31,0.69,10.2,0.041,58.0,160.0,0.9977,3.06,0.45,8.6,5,1
919,5.2,0.24,0.45,3.8,0.027,21.0,128.0,0.992,3.55,0.49,11.2,8,1
920,7.0,0.24,0.32,1.3,0.037,39.0,123.0,0.992,3.17,0.42,11.2,8,1
921,7.0,0.17,0.33,4.0,0.034,17.0,127.0,0.9934,3.19,0.39,10.6,7,1
922,8.3,0.21,0.58,17.1,0.049,62.0,213.0,1.0006,3.01,0.51,9.3,6,1
923,7.2,0.21,0.35,14.5,0.048,35.0,178.0,0.9982,3.05,0.47,8.9,6,1
924,7.1,0.21,0.4,1.2,0.069,24.0,156.0,0.9928,3.42,0.43,10.6,6,1
925,8.4,0.17,0.31,6.7,0.038,29.0,132.0,0.9945,3.1,0.32,10.6,7,1
926,7.4,0.24,0.31,8.4,0.045,52.0,183.0,0.9963,3.09,0.32,8.8,5,1
927,5.3,0.24,0.33,1.3,0.033,25.0,97.0,0.9906,3.59,0.38,11.0,8,1
928,6.5,0.28,0.26,8.8,0.04,44.0,139.0,0.9956,3.32,0.37,10.2,6,1
929,6.5,0.29,0.25,10.6,0.039,32.0,120.0,0.9962,3.31,0.34,10.1,6,1
930,5.8,0.29,0.21,2.6,0.025,12.0,120.0,0.9894,3.39,0.79,14.0,7,1
931,6.3,0.17,0.42,2.8,0.028,45.0,107.0,0.9908,3.27,0.43,11.8,6,1
932,6.3,0.16,0.4,1.6,0.033,59.0,148.0,0.9914,3.44,0.53,11.4,5,1
933,7.9,0.29,0.39,6.7,0.036,6.0,117.0,0.9938,3.12,0.42,10.7,5,1
934,5.5,0.32,0.45,4.9,0.028,25.0,191.0,0.9922,3.51,0.49,11.5,7,1
935,7.2,0.37,0.15,2.0,0.029,27.0,87.0,0.9903,3.3,0.59,12.6,7,1
936,6.1,0.29,0.27,1.7,0.024,13.0,76.0,0.9893,3.21,0.51,12.6,7,1
937,9.2,0.22,0.4,2.4,0.054,18.0,151.0,0.9952,3.04,0.46,9.3,4,1
938,8.0,0.18,0.37,1.3,0.04,15.0,96.0,0.9912,3.06,0.61,12.1,6,1
939,6.5,0.22,0.34,12.0,0.053,55.0,177.0,0.9983,3.52,0.44,9.9,6,1
940,7.4,0.18,0.4,1.6,0.047,22.0,102.0,0.9937,3.28,0.44,10.7,5,1
941,6.5,0.52,0.17,1.4,0.047,5.0,26.0,0.9932,3.26,0.32,10.0,4,1
942,7.0,0.15,0.38,2.2,0.047,33.0,96.0,0.9928,3.13,0.39,10.4,8,1
943,5.9,0.415,0.13,1.4,0.04,11.0,64.0,0.9922,3.29,0.52,10.5,5,1
944,8.1,0.45,0.34,8.3,0.037,33.0,216.0,0.9976,3.31,0.64,9.7,5,1
945,5.8,0.415,0.13,1.4,0.04,11.0,64.0,0.9922,3.29,0.52,10.5,5,1
946,6.4,0.5,0.16,12.9,0.042,26.0,138.0,0.9974,3.28,0.33,9.0,5,1
947,6.7,0.105,0.32,12.4,0.051,34.0,106.0,0.998,3.54,0.45,9.2,6,1
948,6.0,0.4,0.3,1.6,0.047,30.0,117.0,0.9931,3.17,0.48,10.1,6,1
949,6.6,0.25,0.39,1.45,0.04,40.0,89.0,0.9911,3.35,0.4,11.4,7,1
950,9.8,0.36,0.45,1.6,0.042,11.0,124.0,0.9944,2.93,0.46,10.8,5,1
951,9.6,0.23,0.4,1.5,0.044,19.0,135.0,0.9937,2.96,0.49,10.9,5,1
952,6.3,0.55,0.45,13.0,0.047,33.0,182.0,0.9974,3.2,0.46,9.2,6,1
953,6.5,0.115,0.29,1.95,0.038,73.0,166.0,0.989,3.12,0.25,12.9,7,1
954,6.4,0.125,0.29,5.85,0.042,24.0,99.0,0.992,3.23,0.32,12.0,7,1
955,5.7,0.1,0.27,1.3,0.047,21.0,100.0,0.9928,3.27,0.46,9.5,5,1
956,7.9,0.25,0.29,5.3,0.031,33.0,117.0,0.9918,3.06,0.32,11.8,7,1
957,6.9,0.2,0.28,1.2,0.048,36.0,159.0,0.9936,3.19,0.43,9.1,6,1
958,6.9,0.23,0.34,4.0,0.047,24.0,128.0,0.9944,3.2,0.52,9.7,6,1
959,6.8,0.39,0.31,14.35,0.043,28.0,162.0,0.9988,3.17,0.54,9.1,5,1
960,8.7,0.22,0.42,2.3,0.053,27.0,114.0,0.994,2.99,0.43,10.0,5,1
961,7.4,0.41,0.34,4.7,0.042,19.0,127.0,0.9953,3.25,0.42,10.4,5,1
962,6.7,0.25,0.34,12.85,0.048,30.0,161.0,0.9986,3.44,0.47,9.5,6,1
963,6.0,0.26,0.42,5.2,0.027,70.0,178.0,0.9914,3.4,0.4,12.3,8,1
964,6.1,0.31,0.37,8.4,0.031,70.0,170.0,0.9934,3.42,0.4,11.7,8,1
965,9.2,0.28,0.46,3.2,0.058,39.0,133.0,0.996,3.14,0.58,9.5,5,1
966,9.0,0.31,0.49,6.9,0.034,26.0,91.0,0.9937,2.99,0.34,11.5,5,1
967,8.5,0.16,0.33,1.0,0.076,17.0,57.0,0.9921,3.14,0.46,10.6,6,1
968,9.3,0.34,0.49,7.3,0.052,30.0,146.0,0.998,3.17,0.61,10.2,5,1
969,7.2,0.24,0.3,1.6,0.048,27.0,131.0,0.9933,3.25,0.45,10.5,5,1
970,7.2,0.25,0.32,1.5,0.047,27.0,132.0,0.9933,3.26,0.44,10.5,5,1
971,6.8,0.32,0.18,7.5,0.041,71.0,223.0,0.9959,3.14,0.41,8.9,5,1
972,9.1,0.27,0.32,1.1,0.031,15.0,151.0,0.9936,3.03,0.41,10.6,5,1
973,8.9,0.34,0.32,1.3,0.041,12.0,188.0,0.9953,3.17,0.49,9.5,5,1
974,7.0,0.17,0.37,5.7,0.025,29.0,111.0,0.9938,3.2,0.49,10.8,6,1
975,6.7,0.25,0.23,7.2,0.038,61.0,220.0,0.9952,3.14,0.35,9.5,5,1
976,6.9,0.32,0.17,7.6,0.042,69.0,219.0,0.9959,3.13,0.4,8.9,5,1
977,6.1,0.6,0.0,1.3,0.042,24.0,79.0,0.9937,3.31,0.38,9.4,4,1
978,5.3,0.395,0.07,1.3,0.035,26.0,102.0,0.992,3.5,0.35,10.6,6,1
979,7.9,0.16,0.3,4.8,0.037,37.0,171.0,0.9967,3.47,0.44,9.0,4,1
980,7.6,0.33,0.36,2.1,0.034,26.0,172.0,0.9944,3.42,0.48,10.5,4,1
981,7.8,0.3,0.29,16.85,0.054,23.0,135.0,0.9998,3.16,0.38,9.0,6,1
982,5.7,0.26,0.27,4.1,0.201,73.5,189.5,0.9942,3.27,0.38,9.4,6,1
983,7.5,0.14,0.34,1.3,0.055,50.0,153.0,0.9945,3.29,0.8,9.6,6,1
984,6.6,0.25,0.41,7.4,0.043,29.0,151.0,0.9946,3.15,0.6,10.2,7,1
985,8.2,0.23,0.49,0.9,0.057,15.0,73.0,0.9928,3.07,0.38,10.4,6,1
986,6.0,0.24,0.32,6.3,0.03,34.0,129.0,0.9946,3.52,0.41,10.4,5,1
987,6.1,0.45,0.27,0.8,0.039,13.0,82.0,0.9927,3.23,0.32,9.5,5,1
988,7.4,0.23,0.43,1.4,0.044,22.0,113.0,0.9938,3.22,0.62,10.6,6,1
989,7.2,0.2,0.38,1.0,0.037,21.0,74.0,0.9918,3.21,0.37,11.0,5,1
990,7.7,0.25,0.43,4.5,0.062,20.0,115.0,0.9966,3.38,0.5,9.9,6,1
991,8.2,0.61,0.45,5.4,0.03,15.0,118.0,0.9954,3.14,0.34,9.6,5,1
992,7.6,0.21,0.44,1.9,0.036,10.0,119.0,0.9913,3.01,0.7,12.8,6,1
993,7.4,0.22,0.33,2.0,0.045,31.0,101.0,0.9931,3.42,0.55,11.4,5,1
994,7.2,0.26,0.26,12.7,0.036,49.0,214.0,0.9986,3.41,0.5,10.0,6,1
995,6.4,0.25,0.41,8.6,0.042,57.0,173.0,0.9965,3.0,0.44,9.1,5,1
996,6.3,0.32,0.35,11.1,0.039,29.0,198.0,0.9984,3.36,0.5,9.4,7,1
997,6.8,0.25,0.29,2.0,0.042,19.0,189.0,0.9952,3.46,0.54,10.2,6,1
998,9.8,0.44,0.4,2.8,0.036,35.0,167.0,0.9956,2.97,0.39,9.2,5,1
999,7.2,0.2,0.25,4.5,0.044,31.0,109.0,0.9949,3.23,0.36,9.4,5,1
1000,7.5,0.42,0.45,9.1,0.029,20.0,125.0,0.996,3.12,0.36,10.1,6,1
1001,6.4,0.26,0.3,2.2,0.025,33.0,134.0,0.992,3.21,0.47,10.6,6,1
1002,7.9,0.46,0.32,4.1,0.033,40.0,138.0,0.9912,3.18,0.44,12.8,7,1
1003,6.5,0.41,0.64,11.8,0.065,65.0,225.0,0.9978,3.12,0.51,8.9,5,1
1004,7.5,0.32,0.37,1.2,0.048,22.0,184.0,0.9938,3.09,0.43,9.3,5,1
1005,6.6,0.21,0.38,2.2,0.026,40.0,104.0,0.9914,3.25,0.4,11.1,8,1
1006,7.1,0.21,0.3,1.4,0.037,45.0,143.0,0.9932,3.13,0.33,9.9,6,1
1007,7.6,0.26,0.47,1.6,0.068,5.0,55.0,0.9944,3.1,0.45,9.6,5,1
1008,6.9,0.25,0.26,5.2,0.024,36.0,135.0,0.9948,3.16,0.72,10.7,7,1
1009,7.1,0.26,0.32,14.45,0.074,29.0,107.0,0.998,2.96,0.42,9.2,6,1
1010,7.3,0.22,0.4,14.75,0.042,44.5,129.5,0.9998,3.36,0.41,9.1,7,1
1011,6.2,0.37,0.22,8.3,0.025,36.0,216.0,0.9964,3.33,0.6,9.6,6,1
1012,7.9,0.22,0.45,14.2,0.038,53.0,141.0,0.9992,3.03,0.46,9.2,6,1
1013,7.4,0.25,0.37,6.9,0.02,14.0,93.0,0.9939,3.0,0.48,10.7,7,1
1014,6.8,0.18,0.37,1.5,0.027,37.0,93.0,0.992,3.3,0.45,10.8,6,1
1015,7.0,0.17,0.37,1.5,0.028,26.0,75.0,0.9922,3.3,0.46,10.8,7,1
1016,6.4,0.3,0.38,7.8,0.046,35.0,192.0,0.9955,3.1,0.37,9.0,5,1
1017,5.0,0.33,0.16,1.5,0.049,10.0,97.0,0.9917,3.48,0.44,10.7,6,1
1018,8.9,0.33,0.32,1.5,0.047,11.0,200.0,0.9954,3.19,0.46,9.4,5,1
1019,7.0,0.26,0.46,15.55,0.037,61.0,171.0,0.9986,2.94,0.35,8.8,6,1
1020,6.3,0.21,0.4,1.7,0.031,48.0,134.0,0.9917,3.42,0.49,11.5,6,1
1021,8.0,0.23,0.46,1.5,0.03,30.0,125.0,0.9907,3.23,0.47,12.5,6,1
1022,9.2,0.28,0.41,1.0,0.042,14.0,59.0,0.9922,2.96,0.25,10.5,6,1
1023,7.3,0.27,0.39,6.7,0.064,28.0,188.0,0.9958,3.29,0.3,9.7,5,1
1024,7.6,0.32,0.36,1.6,0.04,32.0,155.0,0.993,3.23,0.52,11.3,6,1
1025,9.7,0.24,0.45,1.2,0.033,11.0,59.0,0.9926,2.74,0.47,10.8,6,1
1026,8.0,0.28,0.42,7.1,0.045,41.0,169.0,0.9959,3.17,0.43,10.6,5,1
1027,8.2,0.37,0.36,1.0,0.034,17.0,93.0,0.9906,3.04,0.32,11.7,8,1
1028,8.0,0.61,0.38,12.1,0.301,24.0,220.0,0.9993,2.94,0.48,9.2,5,1
1029,7.2,0.26,0.44,7.1,0.027,25.0,126.0,0.993,3.02,0.34,11.1,8,1
1030,6.4,0.23,0.33,1.15,0.044,15.5,217.5,0.992,3.33,0.44,11.0,6,1
1031,5.9,0.4,0.32,6.0,0.034,50.0,127.0,0.992,3.51,0.58,12.5,7,1
1032,7.6,0.28,0.39,1.2,0.038,21.0,115.0,0.994,3.16,0.67,10.0,6,1
1033,7.2,0.23,0.39,2.3,0.033,29.0,102.0,0.9908,3.26,0.54,12.3,7,1
1034,6.8,0.32,0.37,3.4,0.023,19.0,87.0,0.9902,3.14,0.53,12.7,6,1
1035,6.9,0.18,0.38,6.5,0.039,20.0,110.0,0.9943,3.1,0.42,10.5,5,1
1036,9.4,0.26,0.53,1.2,0.047,25.0,109.0,0.9921,3.23,0.28,12.5,6,1
1037,8.3,0.33,0.42,1.15,0.033,18.0,96.0,0.9911,3.2,0.32,12.4,3,1
1038,7.3,0.29,0.3,13.0,0.043,46.0,238.0,0.9986,3.06,0.41,8.7,6,1
1039,7.9,0.41,0.37,4.5,0.03,40.0,114.0,0.992,3.17,0.54,12.4,7,1
1040,7.9,0.44,0.37,5.85,0.033,27.0,93.0,0.992,3.16,0.54,12.6,7,1
1041,7.7,0.39,0.3,5.2,0.037,29.0,131.0,0.9943,3.38,0.44,11.0,6,1
1042,7.7,0.26,0.31,1.3,0.043,47.0,155.0,0.9937,3.42,0.5,10.1,6,1
1043,7.8,0.32,0.31,1.7,0.036,46.0,195.0,0.993,3.03,0.48,10.5,5,1
1044,7.3,0.24,0.39,3.6,0.024,35.0,116.0,0.9928,3.17,0.51,10.9,5,1
1045,7.1,0.44,0.37,2.7,0.041,35.0,128.0,0.9896,3.07,0.43,13.5,7,1
1046,10.3,0.25,0.48,2.2,0.042,28.0,164.0,0.998,3.19,0.59,9.7,5,1
1047,7.9,0.14,0.28,1.8,0.041,44.0,178.0,0.9954,3.45,0.43,9.2,6,1
1048,7.4,0.18,0.42,2.1,0.036,33.0,187.0,0.9938,3.4,0.41,10.6,7,1
1049,8.1,0.43,0.42,6.6,0.033,36.0,141.0,0.9918,2.98,0.39,13.3,7,1
1050,6.4,0.26,0.22,5.1,0.037,23.0,131.0,0.9944,3.29,0.32,10.1,5,1
1051,8.0,0.66,0.72,17.55,0.042,62.0,233.0,0.9999,2.92,0.68,9.4,4,1
1052,8.0,0.2,0.4,5.2,0.055,41.0,167.0,0.9953,3.18,0.4,10.6,7,1
1053,7.2,0.21,0.34,1.1,0.046,25.0,80.0,0.992,3.25,0.4,11.3,6,1
1054,7.2,0.18,0.31,1.1,0.045,20.0,73.0,0.9925,3.32,0.4,10.8,7,1
1055,8.4,0.57,0.44,10.7,0.051,46.0,195.0,0.9981,3.15,0.51,10.4,5,1
1056,5.3,0.26,0.23,5.15,0.034,48.0,160.0,0.9952,3.82,0.51,10.5,7,1
1057,5.7,0.245,0.33,1.1,0.049,28.0,150.0,0.9927,3.13,0.42,9.3,5,1
1058,5.6,0.245,0.32,1.1,0.047,24.0,152.0,0.9927,3.12,0.42,9.3,6,1
1059,7.3,0.25,0.41,1.8,0.037,52.0,165.0,0.9911,3.29,0.39,12.2,7,1
1060,7.0,0.16,0.73,1.0,0.138,58.0,150.0,0.9936,3.08,0.3,9.2,5,1
1061,6.4,0.22,0.34,1.8,0.057,29.0,104.0,0.9959,3.81,0.57,10.3,6,1
1062,7.3,0.18,0.65,1.4,0.046,28.0,157.0,0.9946,3.33,0.62,9.4,6,1
1063,6.4,0.17,0.27,6.7,0.036,88.0,223.0,0.9948,3.28,0.35,10.2,6,1
1064,6.9,0.29,0.16,6.8,0.034,65.0,212.0,0.9955,3.08,0.39,9.0,6,1
1065,6.2,0.21,0.38,6.8,0.036,64.0,245.0,0.9951,3.06,0.36,9.3,6,1
1066,6.4,0.23,0.3,7.1,0.037,63.0,236.0,0.9952,3.06,0.34,9.2,6,1
1067,7.3,0.19,0.68,1.5,0.05,31.0,156.0,0.9946,3.32,0.64,9.4,6,1
1068,9.6,0.29,0.46,1.45,0.039,77.5,223.0,0.9944,2.92,0.46,9.5,6,1
1069,7.2,0.14,0.35,1.2,0.036,15.0,73.0,0.9938,3.46,0.39,9.9,5,1
1070,6.9,0.31,0.34,7.4,0.059,36.0,174.0,0.9963,3.46,0.62,11.1,7,1
1071,7.5,0.28,0.34,4.2,0.028,36.0,116.0,0.991,2.99,0.41,12.3,8,1
1072,8.0,0.22,0.42,14.6,0.044,45.0,163.0,1.0003,3.21,0.69,8.6,7,1
1073,7.6,0.31,0.29,10.5,0.04,21.0,145.0,0.9966,3.04,0.35,9.4,5,1
1074,8.4,0.35,0.56,13.8,0.048,55.0,190.0,0.9993,3.07,0.58,9.4,6,1
1075,8.1,0.5,0.47,1.1,0.037,23.0,126.0,0.9938,3.21,0.42,10.9,5,1
1076,7.0,0.39,0.31,5.3,0.169,32.0,162.0,0.9965,3.2,0.48,9.4,5,1
1077,6.2,0.22,0.27,1.5,0.064,20.0,132.0,0.9938,3.22,0.46,9.2,6,1
1078,7.0,0.24,0.36,4.9,0.083,10.0,133.0,0.9942,3.33,0.37,10.8,6,1
1079,6.6,0.27,0.3,1.9,0.025,14.0,153.0,0.9928,3.29,0.62,10.5,6,1
1080,7.8,0.16,0.41,1.7,0.026,29.0,140.0,0.991,3.02,0.78,12.5,6,1
1081,7.7,0.27,0.34,1.8,0.028,26.0,168.0,0.9911,2.99,0.48,12.1,7,1
1082,7.4,0.31,0.74,10.7,0.039,51.0,147.0,0.9977,3.02,0.43,8.7,5,1
1083,8.0,0.45,0.36,8.8,0.026,50.0,151.0,0.9927,3.07,0.25,12.7,8,1
1084,6.6,0.16,0.29,1.8,0.05,40.0,147.0,0.9912,3.06,0.44,11.4,7,1
1085,8.3,0.21,0.4,1.6,0.032,35.0,110.0,0.9907,3.02,0.6,12.9,7,1
1086,7.2,0.32,0.33,1.4,0.029,29.0,109.0,0.9902,3.15,0.51,12.8,7,1
1087,6.6,0.16,0.3,1.6,0.034,15.0,78.0,0.992,3.38,0.44,11.2,6,1
1088,8.4,0.16,0.33,1.5,0.033,16.0,98.0,0.994,3.14,0.42,9.7,6,1
1089,7.5,0.23,0.32,9.2,0.038,54.0,191.0,0.9966,3.04,0.56,9.7,6,1
1090,6.2,0.17,0.3,1.1,0.037,14.0,79.0,0.993,3.5,0.54,10.3,6,1
1091,6.9,0.39,0.22,4.3,0.03,10.0,102.0,0.993,3.0,0.87,11.6,4,1
1092,6.9,0.41,0.22,4.2,0.031,10.0,102.0,0.993,3.0,0.86,11.6,4,1
1093,7.5,0.38,0.33,5.0,0.045,30.0,131.0,0.9942,3.32,0.44,10.9,6,1
1094,7.3,0.42,0.38,6.8,0.045,29.0,122.0,0.9925,3.19,0.37,12.6,7,1
1095,7.3,0.34,0.39,5.2,0.04,45.0,163.0,0.9925,3.3,0.47,12.4,6,1
1096,7.8,0.23,0.28,4.75,0.042,45.0,166.0,0.9928,2.96,0.4,11.5,5,1
1097,9.0,0.245,0.38,5.9,0.045,52.0,159.0,0.995,2.93,0.35,10.2,6,1
1098,6.9,0.2,0.4,7.7,0.032,51.0,176.0,0.9939,3.22,0.27,11.4,5,1
1099,7.4,0.19,0.42,6.4,0.067,39.0,212.0,0.9958,3.3,0.33,9.6,6,1
1100,8.2,0.2,0.36,8.1,0.035,60.0,163.0,0.9952,3.05,0.3,10.3,6,1
1101,8.0,0.59,0.71,17.35,0.038,61.0,228.0,1.0,2.95,0.75,9.3,5,1
1102,7.9,0.14,0.45,1.8,0.05,17.0,114.0,0.9948,3.33,0.49,10.7,7,1
1103,6.8,0.24,0.4,1.8,0.047,34.0,105.0,0.99,3.13,0.49,12.8,8,1
1104,9.7,0.14,0.59,1.5,0.049,23.0,142.0,0.9958,2.98,0.62,9.5,5,1
1105,9.2,0.15,0.68,1.6,0.046,22.0,130.0,0.9948,3.02,0.45,10.4,6,1
1106,9.4,0.17,0.55,1.6,0.049,14.0,94.0,0.9949,3.02,0.61,10.3,6,1
1107,5.2,0.365,0.08,13.5,0.041,37.0,142.0,0.997,3.46,0.39,9.9,6,1
1108,6.3,0.23,0.22,3.75,0.039,37.0,116.0,0.9927,3.23,0.5,10.7,6,1
1109,9.6,0.25,0.54,1.3,0.04,16.0,160.0,0.9938,2.94,0.43,10.5,5,1
1110,9.2,0.32,0.42,1.3,0.046,14.0,186.0,0.9949,3.08,0.48,9.6,5,1
1111,6.4,0.31,0.4,6.2,0.04,46.0,169.0,0.9953,3.15,0.46,9.3,6,1
1112,8.1,0.2,0.36,9.7,0.044,63.0,162.0,0.997,3.1,0.46,10.0,6,1
1113,7.9,0.255,0.26,2.0,0.026,40.0,190.0,0.9932,3.04,0.39,11.2,6,1
1114,7.0,0.15,0.34,1.4,0.039,21.0,177.0,0.9927,3.32,0.62,10.8,5,1
1115,6.4,0.15,0.31,1.1,0.044,25.0,96.0,0.9932,3.54,0.51,10.3,6,1
1116,6.4,0.25,0.53,6.6,0.038,59.0,234.0,0.9955,3.03,0.42,8.8,5,1
1117,7.6,0.19,0.42,1.5,0.044,6.0,114.0,0.9914,3.04,0.74,12.8,6,1
1118,7.3,0.43,0.37,4.6,0.028,17.0,114.0,0.991,3.23,0.43,13.2,6,1
1119,5.1,0.31,0.3,0.9,0.037,28.0,152.0,0.992,3.54,0.56,10.1,6,1
1120,6.2,0.2,0.26,1.7,0.093,40.0,161.0,0.9924,3.44,0.66,11.0,5,1
1121,6.9,0.16,0.35,1.3,0.043,21.0,182.0,0.9927,3.25,0.62,10.8,6,1
1122,7.7,0.32,0.48,2.3,0.04,28.0,114.0,0.9911,3.2,0.52,12.8,7,1
1123,6.5,0.22,0.72,6.8,0.042,33.0,168.0,0.9958,3.12,0.36,9.2,6,1
1124,6.8,0.26,0.33,1.5,0.047,44.0,167.0,0.9928,3.12,0.44,10.5,6,1
1125,5.2,0.37,0.33,1.2,0.028,13.0,81.0,0.9902,3.37,0.38,11.7,6,1
1126,8.4,0.19,0.43,2.1,0.052,20.0,104.0,0.994,2.85,0.46,9.5,5,1
1127,8.3,0.21,0.41,2.2,0.05,24.0,108.0,0.994,2.85,0.45,9.5,5,1
1128,6.8,0.15,0.32,8.8,0.058,24.0,110.0,0.9972,3.4,0.4,8.8,6,1
1129,7.9,0.16,0.64,17.0,0.05,69.0,210.0,1.0004,3.15,0.51,9.3,7,1
1130,7.8,0.21,0.39,1.8,0.034,62.0,180.0,0.991,3.09,0.75,12.6,8,1
1131,9.0,0.24,0.5,1.2,0.048,26.0,107.0,0.9918,3.21,0.34,12.4,6,1
1132,5.7,0.21,0.24,2.3,0.047,60.0,189.0,0.995,3.65,0.72,10.1,6,1
1133,7.8,0.29,0.36,7.0,0.042,38.0,161.0,0.9941,3.26,0.37,11.2,8,1
1134,6.7,0.18,0.3,6.4,0.048,40.0,251.0,0.9956,3.29,0.52,10.0,5,1
1135,8.4,0.58,0.27,12.15,0.033,37.0,116.0,0.9959,2.99,0.39,10.8,6,1
1136,7.2,0.16,0.32,0.8,0.04,50.0,121.0,0.9922,3.27,0.33,10.0,6,1
1137,7.6,0.54,0.23,2.0,0.029,13.0,151.0,0.9931,3.04,0.33,10.4,5,1
1138,6.6,0.25,0.31,12.4,0.059,52.0,181.0,0.9984,3.51,0.47,9.8,6,1
1139,7.3,0.23,0.37,1.9,0.041,51.0,165.0,0.9908,3.26,0.4,12.2,8,1
1140,7.3,0.39,0.37,1.1,0.043,36.0,113.0,0.991,3.39,0.48,12.7,8,1
1141,7.0,0.46,0.39,6.2,0.039,46.0,163.0,0.9928,3.21,0.35,12.2,7,1
1142,8.2,0.35,0.4,6.3,0.039,35.0,162.0,0.9936,3.15,0.34,11.9,7,1
1143,9.2,0.35,0.39,0.9,0.042,15.0,61.0,0.9924,2.96,0.28,10.4,4,1
1144,8.0,0.57,0.39,3.9,0.034,22.0,122.0,0.9917,3.29,0.67,12.8,7,1
1145,6.5,0.37,0.33,3.9,0.027,40.0,130.0,0.9906,3.28,0.39,12.7,7,1
1146,7.8,0.13,0.3,1.8,0.04,43.0,179.0,0.9955,3.43,0.41,9.0,5,1
1147,7.6,0.19,0.41,1.1,0.04,38.0,143.0,0.9907,2.92,0.42,11.4,5,1
1148,7.3,0.22,0.41,15.4,0.05,55.0,191.0,1.0,3.32,0.59,8.9,6,1
1149,6.3,0.29,0.4,6.5,0.039,43.0,167.0,0.9953,3.15,0.44,9.3,6,1
1150,6.8,0.35,0.32,2.4,0.048,35.0,103.0,0.9911,3.28,0.46,12.0,8,1
1151,6.5,0.19,0.32,1.4,0.04,31.0,132.0,0.9922,3.36,0.54,10.8,7,1
1152,6.2,0.12,0.26,5.7,0.044,56.0,158.0,0.9951,3.52,0.37,10.5,6,1
1153,6.0,0.13,0.28,5.7,0.038,56.0,189.5,0.9948,3.59,0.43,10.6,7,1
1154,6.4,0.25,0.33,1.4,0.04,42.0,115.0,0.9906,3.19,0.48,11.3,7,1
1155,6.9,0.32,0.16,1.4,0.051,15.0,96.0,0.994,3.22,0.38,9.5,4,1
1156,6.7,0.13,0.28,1.2,0.046,35.0,140.0,0.9927,3.33,0.33,10.1,7,1
1157,7.0,0.14,0.41,0.9,0.037,22.0,95.0,0.9914,3.25,0.43,10.9,6,1
1158,7.6,0.27,0.24,3.8,0.058,19.0,115.0,0.9958,3.15,0.45,8.9,5,1
1159,7.4,0.64,0.47,14.15,0.168,42.0,185.0,0.9984,2.9,0.49,9.3,5,1
1160,7.6,0.28,0.39,1.9,0.052,23.0,116.0,0.9941,3.25,0.4,10.4,6,1
1161,8.3,0.26,0.41,9.2,0.042,41.0,162.0,0.9944,3.1,0.38,12.0,7,1
1162,10.7,0.22,0.56,8.2,0.044,37.0,181.0,0.998,2.87,0.68,9.5,6,1
1163,6.9,0.23,0.34,2.7,0.032,24.0,121.0,0.9902,3.14,0.38,12.4,7,1
1164,6.2,0.3,0.32,1.7,0.032,30.0,130.0,0.9911,3.28,0.41,11.2,7,1
1165,6.9,0.27,0.41,1.7,0.047,6.0,134.0,0.9929,3.15,0.69,11.4,6,1
1166,6.9,0.28,0.41,1.7,0.05,10.0,136.0,0.993,3.16,0.71,11.4,6,1
1167,6.9,0.28,0.3,1.6,0.047,46.0,132.0,0.9918,3.35,0.38,11.1,7,1
1168,6.9,0.46,0.2,0.9,0.054,5.0,126.0,0.992,3.1,0.42,10.4,6,1
1169,6.9,0.38,0.32,8.5,0.044,36.0,152.0,0.9932,3.38,0.35,12.0,7,1
1170,5.7,0.43,0.3,5.7,0.039,24.0,98.0,0.992,3.54,0.61,12.3,7,1
1171,6.6,0.56,0.16,3.1,0.045,28.0,92.0,0.994,3.12,0.35,9.1,6,1
1172,7.1,0.36,0.56,1.3,0.046,25.0,102.0,0.9923,3.24,0.33,10.5,6,1
1173,6.8,0.23,0.4,1.6,0.047,5.0,133.0,0.993,3.23,0.7,11.4,6,1
1174,6.2,0.33,0.29,1.3,0.042,26.0,138.0,0.9956,3.77,0.64,9.5,5,1
1175,5.6,0.49,0.13,4.5,0.039,17.0,116.0,0.9907,3.42,0.9,13.7,7,1
1176,6.6,0.42,0.33,2.8,0.034,15.0,85.0,0.99,3.28,0.51,13.4,6,1
1177,7.3,0.18,0.29,1.2,0.044,12.0,143.0,0.9918,3.2,0.48,11.3,7,1
1178,8.1,0.19,0.4,0.9,0.037,73.0,180.0,0.9926,3.06,0.34,10.0,6,1
1179,5.9,0.19,0.26,7.4,0.034,33.0,123.0,0.995,3.49,0.42,10.1,6,1
1180,6.2,0.16,0.47,1.4,0.029,23.0,81.0,0.99,3.26,0.42,12.2,6,1
1181,5.7,0.135,0.3,4.6,0.042,19.0,101.0,0.9946,3.31,0.42,9.3,6,1
1182,6.9,0.19,0.33,1.6,0.039,27.0,98.0,0.9898,3.09,0.46,12.3,7,1
1183,7.3,0.25,0.36,13.1,0.05,35.0,200.0,0.9986,3.04,0.46,8.9,7,1
1184,7.0,0.2,0.34,5.7,0.035,32.0,83.0,0.9928,3.19,0.46,11.5,6,1
1185,6.3,0.67,0.48,12.6,0.052,57.0,222.0,0.9979,3.17,0.52,9.3,6,1
1186,7.4,0.4,0.29,5.4,0.044,31.0,122.0,0.994,3.3,0.5,11.1,8,1
1187,7.1,0.26,0.31,2.2,0.044,29.0,128.0,0.9937,3.34,0.64,10.9,8,1
1188,9.0,0.31,0.48,6.6,0.043,11.0,73.0,0.9938,2.9,0.38,11.6,5,1
1189,6.3,0.39,0.24,6.9,0.069,9.0,117.0,0.9942,3.15,0.35,10.2,4,1
1190,8.2,0.22,0.36,6.8,0.034,12.0,90.0,0.9944,3.01,0.38,10.5,8,1
1191,7.1,0.19,0.28,3.6,0.033,16.0,78.0,0.993,2.91,0.78,11.4,6,1
1192,7.9,0.2,0.34,1.2,0.04,29.0,118.0,0.9932,3.14,0.41,10.6,6,1
1193,7.1,0.26,0.32,5.9,0.037,39.0,97.0,0.9934,3.31,0.4,11.6,6,1
1194,6.9,0.3,0.33,4.1,0.035,26.0,155.0,0.9925,3.25,0.79,12.3,8,1
1195,8.1,0.29,0.49,7.1,0.042,22.0,124.0,0.9944,3.14,0.41,10.8,6,1
1196,5.8,0.17,0.3,1.4,0.037,55.0,130.0,0.9909,3.29,0.38,11.3,6,1
1197,5.9,0.415,0.02,0.8,0.038,22.0,63.0,0.9932,3.36,0.36,9.3,5,1
1198,6.6,0.23,0.26,1.3,0.045,16.0,128.0,0.9934,3.36,0.6,10.0,6,1
1199,8.6,0.55,0.35,15.55,0.057,35.5,366.5,1.0001,3.04,0.63,11.0,3,1
1200,6.9,0.35,0.74,1.0,0.044,18.0,132.0,0.992,3.13,0.55,10.2,5,1
1201,7.6,0.14,0.74,1.6,0.04,27.0,103.0,0.9916,3.07,0.4,10.8,7,1
1202,9.2,0.28,0.49,11.8,0.042,29.0,137.0,0.998,3.1,0.34,10.1,4,1
1203,6.2,0.18,0.49,4.5,0.047,17.0,90.0,0.9919,3.27,0.37,11.6,6,1
1204,5.3,0.165,0.24,1.1,0.051,25.0,105.0,0.9925,3.32,0.47,9.1,5,1
1205,9.8,0.25,0.74,10.0,0.056,36.0,225.0,0.9977,3.06,0.43,10.0,4,1
1206,6.8,0.22,0.49,0.9,0.052,26.0,128.0,0.991,3.25,0.35,11.4,6,1
1207,7.2,0.22,0.49,1.0,0.045,34.0,140.0,0.99,3.05,0.34,12.7,6,1
1208,7.4,0.25,0.49,1.1,0.042,35.0,156.0,0.9917,3.13,0.55,11.3,5,1
1209,8.2,0.18,0.49,1.1,0.033,28.0,81.0,0.9923,3.0,0.68,10.4,7,1
1210,6.1,0.22,0.49,1.5,0.051,18.0,87.0,0.9928,3.3,0.46,9.6,5,1
1211,7.0,0.39,0.24,1.0,0.048,8.0,119.0,0.9923,3.0,0.31,10.1,4,1
1212,6.5,0.36,0.49,2.9,0.03,16.0,94.0,0.9902,3.1,0.49,12.1,7,1
1213,7.1,0.29,0.49,1.2,0.031,32.0,99.0,0.9893,3.07,0.33,12.2,6,1
1214,6.9,0.23,0.24,14.2,0.053,19.0,94.0,0.9982,3.17,0.5,9.6,5,1
1215,8.5,0.56,0.74,17.85,0.051,51.0,243.0,1.0005,2.99,0.7,9.2,5,1
1216,6.3,0.23,0.49,7.1,0.05,67.0,210.0,0.9951,3.23,0.34,9.5,5,1
1217,6.1,0.25,0.49,7.6,0.052,67.0,226.0,0.9956,3.16,0.47,8.9,5,1
1218,7.2,0.26,0.74,13.6,0.05,56.0,162.0,0.998,3.03,0.44,8.8,5,1
1219,7.2,0.31,0.24,1.4,0.057,17.0,117.0,0.9928,3.16,0.35,10.5,5,1
1220,8.0,0.25,0.49,1.2,0.061,27.0,117.0,0.9938,3.08,0.34,9.4,5,1
1221,7.0,0.18,0.49,5.3,0.04,34.0,125.0,0.9914,3.24,0.4,12.2,6,1
1222,7.8,0.43,0.49,13.0,0.033,37.0,158.0,0.9955,3.14,0.35,11.3,6,1
1223,8.3,0.2,0.74,4.45,0.044,33.0,130.0,0.9924,3.25,0.42,12.2,6,1
1224,6.3,0.27,0.49,1.2,0.063,35.0,92.0,0.9911,3.38,0.42,12.2,6,1
1225,7.4,0.16,0.49,1.2,0.055,18.0,150.0,0.9917,3.23,0.47,11.2,6,1
1226,6.9,0.19,0.49,6.6,0.036,49.0,172.0,0.9932,3.2,0.27,11.5,6,1
1227,7.2,0.4,0.49,1.1,0.048,11.0,138.0,0.9929,3.01,0.42,9.3,5,1
1228,7.6,0.52,0.49,14.0,0.034,37.0,156.0,0.9958,3.14,0.38,11.8,7,1
1229,8.3,0.21,0.49,19.8,0.054,50.0,231.0,1.0012,2.99,0.54,9.2,5,1
1230,6.9,0.34,0.74,11.2,0.069,44.0,150.0,0.9968,3.0,0.81,9.2,5,1
1231,7.1,0.22,0.74,2.7,0.044,42.0,144.0,0.991,3.31,0.41,12.2,6,1
1232,7.9,0.11,0.49,4.5,0.048,27.0,133.0,0.9946,3.24,0.42,10.6,6,1
1233,8.5,0.17,0.74,3.6,0.05,29.0,128.0,0.9928,3.28,0.4,12.4,6,1
1234,6.4,0.145,0.49,5.4,0.048,54.0,164.0,0.9946,3.56,0.44,10.8,6,1
1235,8.3,0.19,0.49,1.2,0.051,11.0,137.0,0.9918,3.06,0.46,11.0,6,1
1236,8.0,0.44,0.49,9.1,0.031,46.0,151.0,0.9926,3.16,0.27,12.7,8,1
1237,7.0,0.2,0.74,0.8,0.044,19.0,163.0,0.9931,3.46,0.53,10.2,5,1
1238,7.1,0.25,0.49,3.0,0.03,30.0,96.0,0.9903,3.13,0.39,12.3,7,1
1239,6.5,0.24,0.24,1.6,0.046,15.0,60.0,0.9928,3.19,0.39,9.8,5,1
1240,7.8,0.21,0.49,1.35,0.052,6.0,48.0,0.9911,3.15,0.28,11.4,5,1
1241,7.0,0.2,0.49,5.9,0.038,39.0,128.0,0.9938,3.21,0.48,10.8,6,1
1242,6.9,0.25,0.24,3.6,0.057,13.0,85.0,0.9942,2.99,0.48,9.5,4,1
1243,7.2,0.08,0.49,1.3,0.05,18.0,148.0,0.9945,3.46,0.44,10.2,6,1
1244,7.1,0.85,0.49,8.7,0.028,40.0,184.0,0.9962,3.22,0.36,10.7,5,1
1245,7.6,0.51,0.24,1.2,0.04,10.0,104.0,0.992,3.05,0.29,10.8,6,1
1246,7.9,0.22,0.24,4.6,0.044,39.0,159.0,0.9927,2.99,0.28,11.5,6,1
1247,7.7,0.16,0.49,2.0,0.056,20.0,124.0,0.9948,3.32,0.49,10.7,6,1
1248,6.6,0.25,0.24,1.7,0.048,26.0,124.0,0.9942,3.37,0.6,10.1,6,1
1249,6.7,0.16,0.49,2.4,0.046,57.0,187.0,0.9952,3.62,0.81,10.4,6,1
1250,7.5,0.32,0.24,4.6,0.053,8.0,134.0,0.9958,3.14,0.5,9.1,3,1
1251,7.4,0.28,0.49,1.5,0.034,20.0,126.0,0.9918,2.98,0.39,10.6,6,1
1252,6.2,0.15,0.49,0.9,0.033,17.0,51.0,0.9932,3.3,0.7,9.4,6,1
1253,6.7,0.25,0.74,19.4,0.054,44.0,169.0,1.0004,3.51,0.45,9.8,6,1
1254,6.5,0.26,0.74,13.3,0.044,68.0,224.0,0.9972,3.18,0.54,9.5,6,1
1255,7.9,0.16,0.74,17.85,0.037,52.0,187.0,0.9998,2.99,0.41,9.3,5,1
1256,5.6,0.185,0.49,1.1,0.03,28.0,117.0,0.9918,3.55,0.45,10.3,6,1
1257,7.5,0.2,0.49,1.3,0.031,8.0,97.0,0.9918,3.06,0.62,11.1,5,1
1258,8.0,0.3,0.49,9.4,0.046,47.0,188.0,0.9964,3.14,0.48,10.0,5,1
1259,8.0,0.34,0.49,9.0,0.033,39.0,180.0,0.9936,3.13,0.38,12.3,8,1
1260,7.7,0.35,0.49,8.65,0.033,42.0,186.0,0.9931,3.14,0.38,12.4,8,1
1261,7.6,0.29,0.49,9.6,0.03,45.0,197.0,0.9938,3.13,0.38,12.3,7,1
1262,6.7,0.62,0.24,1.1,0.039,6.0,62.0,0.9934,3.41,0.32,10.4,5,1
1263,6.8,0.27,0.49,1.2,0.044,35.0,126.0,0.99,3.13,0.48,12.1,7,1
1264,7.7,0.27,0.49,1.8,0.041,23.0,86.0,0.9914,3.16,0.42,12.5,6,1
1265,6.7,0.51,0.24,2.1,0.043,14.0,155.0,0.9904,3.22,0.6,13.0,6,1
1266,7.4,0.19,0.49,9.3,0.03,26.0,132.0,0.994,2.99,0.32,11.0,7,1
1267,8.3,0.2,0.49,1.7,0.04,34.0,169.0,0.9938,3.05,0.37,10.1,5,1
1268,6.6,0.3,0.24,1.2,0.034,17.0,121.0,0.9933,3.13,0.36,9.2,5,1
1269,6.8,0.36,0.24,4.6,0.039,24.0,124.0,0.9909,3.27,0.34,12.6,7,1
1270,7.0,0.17,0.74,12.8,0.045,24.0,126.0,0.9942,3.26,0.38,12.2,8,1
1271,9.2,0.18,0.49,1.5,0.041,39.0,130.0,0.9945,3.04,0.49,9.8,7,1
1272,8.1,0.2,0.49,8.1,0.051,51.0,205.0,0.9954,3.1,0.52,11.0,6,1
1273,7.8,0.26,0.74,7.5,0.044,59.0,160.0,0.996,3.22,0.64,10.0,6,1
1274,6.8,0.21,0.49,14.5,0.06,50.0,170.0,0.9991,3.55,0.44,9.8,6,1
1275,7.9,0.2,0.49,1.6,0.053,15.0,144.0,0.993,3.16,0.47,10.5,5,1
1276,8.0,0.18,0.49,1.8,0.061,10.0,145.0,0.9942,3.23,0.48,10.0,5,1
1277,8.8,0.23,0.74,3.2,0.042,15.0,126.0,0.9934,3.02,0.51,11.2,6,1
1278,7.3,0.22,0.49,9.4,0.034,29.0,134.0,0.9939,2.99,0.32,11.0,7,1
1279,7.3,0.22,0.49,9.9,0.031,48.0,161.0,0.9937,3.01,0.28,11.2,6,1
1280,7.3,0.155,0.49,1.3,0.039,34.0,136.0,0.9926,3.14,0.77,10.5,6,1
1281,8.2,0.22,0.49,9.6,0.037,53.0,154.0,0.9951,3.02,0.33,10.6,6,1
1282,8.2,0.24,0.49,9.3,0.038,52.0,163.0,0.9952,3.02,0.33,10.6,6,1
1283,8.4,0.23,0.49,7.8,0.035,22.0,95.0,0.9935,3.04,0.34,12.0,6,1
1284,8.3,0.2,0.49,1.7,0.038,38.0,167.0,0.9939,3.05,0.37,10.1,6,1
1285,6.9,0.21,0.49,1.4,0.041,15.0,164.0,0.9927,3.25,0.63,11.0,5,1
1286,8.0,0.25,0.49,9.0,0.044,31.0,185.0,0.998,3.34,0.49,10.0,6,1
1287,6.6,0.21,0.49,18.15,0.042,41.0,158.0,0.9997,3.28,0.39,8.7,6,1
1288,7.2,0.27,0.74,12.5,0.037,47.0,156.0,0.9981,3.04,0.44,8.7,5,1
1289,14.2,0.27,0.49,1.1,0.037,33.0,156.0,0.992,3.15,0.54,11.1,6,1
1290,7.9,0.28,0.49,7.7,0.045,48.0,195.0,0.9954,3.04,0.55,11.0,6,1
1291,7.4,0.27,0.49,1.1,0.037,33.0,156.0,0.992,3.15,0.54,11.1,6,1
1292,8.1,0.3,0.49,8.1,0.037,26.0,174.0,0.9943,3.1,0.3,11.2,7,1
1293,7.5,0.23,0.49,7.7,0.049,61.0,209.0,0.9941,3.14,0.3,11.1,7,1
1294,7.3,0.26,0.49,5.0,0.028,32.0,107.0,0.9936,3.24,0.54,10.8,6,1
1295,7.1,0.18,0.74,15.6,0.044,44.0,176.0,0.9996,3.38,0.67,9.0,6,1
1296,8.5,0.15,0.49,1.5,0.031,17.0,122.0,0.9932,3.03,0.4,10.3,6,1
1297,8.9,0.13,0.49,1.0,0.028,6.0,24.0,0.9926,2.91,0.32,9.9,5,1
1298,8.1,0.28,0.49,1.0,0.04,32.0,148.0,0.9936,3.13,0.41,10.0,6,1
1299,6.0,0.17,0.49,1.0,0.034,26.0,106.0,0.992,3.21,0.42,9.8,6,1
1300,7.1,0.53,0.24,0.8,0.029,29.0,86.0,0.993,3.16,0.32,9.1,4,1
1301,7.2,0.16,0.49,1.3,0.037,27.0,104.0,0.9924,3.23,0.57,10.6,6,1
1302,7.3,0.14,0.49,1.1,0.038,28.0,99.0,0.9928,3.2,0.72,10.6,6,1
1303,7.9,0.12,0.49,5.2,0.049,33.0,152.0,0.9952,3.18,0.47,10.6,6,1
1304,6.7,0.29,0.49,4.7,0.034,35.0,156.0,0.9945,3.13,0.45,9.9,6,1
1305,6.7,0.3,0.49,4.8,0.034,36.0,158.0,0.9945,3.12,0.45,9.9,6,1
1306,7.1,0.36,0.24,1.8,0.025,32.0,102.0,0.9903,3.34,0.59,12.8,6,1
1307,7.9,0.18,0.49,5.2,0.051,36.0,157.0,0.9953,3.18,0.48,10.6,6,1
1308,6.6,0.19,0.99,1.2,0.122,45.0,129.0,0.9936,3.09,0.31,8.7,6,1
1309,7.3,0.21,0.49,1.8,0.038,44.0,152.0,0.9912,3.32,0.44,12.6,7,1
1310,6.9,0.3,0.49,7.6,0.057,25.0,156.0,0.9962,3.43,0.63,11.0,7,1
1311,7.9,0.42,0.49,8.2,0.056,32.0,164.0,0.9965,3.29,0.6,11.2,7,1
1312,6.9,0.24,0.49,1.3,0.032,35.0,148.0,0.9932,3.45,0.57,10.7,7,1
1313,7.6,0.23,0.49,10.0,0.036,45.0,182.0,0.9967,3.08,0.58,9.6,6,1
1314,6.2,0.43,0.49,6.4,0.045,12.0,115.0,0.9963,3.27,0.57,9.0,4,1
1315,8.8,0.35,0.49,1.0,0.036,14.0,56.0,0.992,2.96,0.33,10.5,4,1
1316,7.8,0.3,0.74,1.8,0.033,33.0,156.0,0.991,3.29,0.52,12.8,6,1
1317,9.1,0.28,0.49,2.0,0.059,10.0,112.0,0.9958,3.15,0.46,10.1,5,1
1318,7.1,0.34,0.49,1.5,0.027,26.0,126.0,0.99,3.3,0.33,12.2,7,1
1319,8.5,0.19,0.49,3.5,0.044,29.0,117.0,0.9938,3.14,0.51,10.1,6,1
1320,7.6,0.18,0.49,18.05,0.046,36.0,158.0,0.9996,3.06,0.41,9.2,5,1
1321,7.5,0.19,0.49,1.8,0.055,19.0,110.0,0.9946,3.33,0.44,9.9,5,1
1322,7.4,0.3,0.49,8.2,0.055,49.0,188.0,0.9974,3.52,0.58,9.7,6,1
1323,6.7,0.3,0.74,5.0,0.038,35.0,157.0,0.9945,3.21,0.46,9.9,5,1
1324,6.6,0.3,0.74,4.6,0.041,36.0,159.0,0.9946,3.21,0.45,9.9,5,1
1325,6.9,0.22,0.49,7.0,0.063,50.0,168.0,0.9957,3.54,0.5,10.3,6,1
1326,7.8,0.26,0.49,3.1,0.045,21.0,116.0,0.9931,3.16,0.35,10.3,5,1
1327,8.5,0.17,0.49,8.8,0.048,23.0,108.0,0.9947,2.88,0.34,10.5,4,1
1328,6.8,0.17,0.74,2.4,0.053,61.0,182.0,0.9953,3.63,0.76,10.5,6,1
1329,6.2,0.27,0.49,1.4,0.05,20.0,74.0,0.9931,3.32,0.44,9.8,6,1
1330,7.1,0.64,0.49,1.8,0.05,17.0,128.0,0.9946,3.31,0.58,10.6,4,1
1331,6.4,0.18,0.74,11.9,0.046,54.0,168.0,0.9978,3.58,0.68,10.1,5,1
1332,7.6,0.31,0.49,13.4,0.062,50.0,191.0,0.9989,3.22,0.53,9.0,4,1
1333,9.8,0.31,0.49,15.4,0.046,13.0,119.0,1.0004,3.18,0.45,9.5,5,1
1334,9.0,0.3,0.49,7.2,0.039,32.0,84.0,0.9938,2.94,0.32,11.5,6,1
1335,8.4,0.24,0.49,7.4,0.039,46.0,108.0,0.9934,3.03,0.33,11.9,7,1
1336,6.4,0.25,0.74,7.8,0.045,52.0,209.0,0.9956,3.21,0.42,9.2,6,1
1337,7.3,0.3,0.74,13.5,0.039,46.0,165.0,0.9982,3.02,0.4,8.7,5,1
1338,9.3,0.31,0.49,1.3,0.042,34.0,147.0,0.9948,3.11,0.46,9.8,5,1
1339,7.0,0.27,0.74,1.5,0.036,27.0,122.0,0.9926,3.35,0.48,11.2,6,1
1340,7.9,0.14,0.74,1.2,0.028,30.0,165.0,0.991,3.08,0.82,12.3,6,1
1341,6.4,0.12,0.49,6.4,0.042,49.0,161.0,0.9945,3.34,0.44,10.4,6,1
1342,6.8,0.21,0.74,1.2,0.047,25.0,111.0,0.9916,3.13,0.41,10.7,6,1
1343,8.6,0.16,0.49,7.3,0.043,9.0,63.0,0.9953,3.13,0.59,10.5,6,1
1344,7.0,0.29,0.49,3.8,0.047,37.0,136.0,0.9938,2.95,0.4,9.4,6,1
1345,6.4,0.27,0.49,7.3,0.046,53.0,206.0,0.9956,3.24,0.43,9.2,6,1
1346,6.6,0.55,0.01,2.7,0.034,56.0,122.0,0.9906,3.15,0.3,11.9,5,1
1347,6.3,0.24,0.74,1.4,0.172,24.0,108.0,0.9932,3.27,0.39,9.9,6,1
1348,6.7,0.33,0.49,1.6,0.167,20.0,94.0,0.9914,3.11,0.5,11.4,6,1
1349,8.2,0.34,0.49,8.0,0.046,55.0,223.0,0.996,3.08,0.52,10.7,6,1
1350,5.6,0.39,0.24,4.7,0.034,27.0,77.0,0.9906,3.28,0.36,12.7,5,1
1351,5.6,0.41,0.24,1.9,0.034,10.0,53.0,0.98815,3.32,0.5,13.5,7,1
1352,6.7,0.41,0.01,2.8,0.048,39.0,137.0,0.9942,3.24,0.35,9.5,5,1
1353,7.1,0.26,0.49,2.2,0.032,31.0,113.0,0.9903,3.37,0.42,12.9,9,1
1354,7.5,0.32,0.49,1.7,0.031,44.0,109.0,0.9906,3.07,0.46,12.5,6,1
1355,5.8,0.19,0.49,4.9,0.04,44.0,118.0,0.9935,3.34,0.38,9.5,7,1
1356,6.9,0.27,0.49,23.5,0.057,59.0,235.0,1.0024,2.98,0.47,8.6,5,1
1357,8.1,0.2,0.49,11.8,0.048,46.0,212.0,0.9968,3.09,0.46,10.0,7,1
1358,8.2,0.26,0.49,5.2,0.04,19.0,100.0,0.9941,3.12,0.34,10.1,6,1
